"site_name","habitat_type","year","value","climate_variable"
"Angelus Oaks","Forest",1895,11.4440002441406,"tmean"
"Angelus Oaks","Forest",1896,11.6730003356934,"tmean"
"Angelus Oaks","Forest",1897,11.3910007476807,"tmean"
"Angelus Oaks","Forest",1898,12.0070009231567,"tmean"
"Angelus Oaks","Forest",1899,10.6300001144409,"tmean"
"Angelus Oaks","Forest",1900,11.1400003433228,"tmean"
"Angelus Oaks","Forest",1901,11.32200050354,"tmean"
"Angelus Oaks","Forest",1902,10.4360008239746,"tmean"
"Angelus Oaks","Forest",1903,10.8970003128052,"tmean"
"Angelus Oaks","Forest",1904,12.3940010070801,"tmean"
"Angelus Oaks","Forest",1905,11.451000213623,"tmean"
"Angelus Oaks","Forest",1906,11.5220003128052,"tmean"
"Angelus Oaks","Forest",1907,11.1760005950928,"tmean"
"Angelus Oaks","Forest",1908,11.076000213623,"tmean"
"Angelus Oaks","Forest",1909,11.4180002212524,"tmean"
"Angelus Oaks","Forest",1910,11.4130001068115,"tmean"
"Angelus Oaks","Forest",1911,10.4740009307861,"tmean"
"Angelus Oaks","Forest",1912,10.206000328064,"tmean"
"Angelus Oaks","Forest",1913,9.26500034332275,"tmean"
"Angelus Oaks","Forest",1914,10.6910009384155,"tmean"
"Angelus Oaks","Forest",1915,10.1700000762939,"tmean"
"Angelus Oaks","Forest",1916,10.5600004196167,"tmean"
"Angelus Oaks","Forest",1917,10.6680002212524,"tmean"
"Angelus Oaks","Forest",1918,10.867000579834,"tmean"
"Angelus Oaks","Forest",1919,10.3090000152588,"tmean"
"Angelus Oaks","Forest",1920,10.2850008010864,"tmean"
"Angelus Oaks","Forest",1921,10.081000328064,"tmean"
"Angelus Oaks","Forest",1922,9.83700084686279,"tmean"
"Angelus Oaks","Forest",1923,9.91500091552734,"tmean"
"Angelus Oaks","Forest",1924,10.2280006408691,"tmean"
"Angelus Oaks","Forest",1925,10.6090002059937,"tmean"
"Angelus Oaks","Forest",1926,11.2360000610352,"tmean"
"Angelus Oaks","Forest",1927,10.0900001525879,"tmean"
"Angelus Oaks","Forest",1928,10.8550004959106,"tmean"
"Angelus Oaks","Forest",1929,10.9770002365112,"tmean"
"Angelus Oaks","Forest",1930,10.7790002822876,"tmean"
"Angelus Oaks","Forest",1931,11.326000213623,"tmean"
"Angelus Oaks","Forest",1932,10.4140005111694,"tmean"
"Angelus Oaks","Forest",1933,10.5390005111694,"tmean"
"Angelus Oaks","Forest",1934,12.5010004043579,"tmean"
"Angelus Oaks","Forest",1935,10.2580003738403,"tmean"
"Angelus Oaks","Forest",1936,11.1430006027222,"tmean"
"Angelus Oaks","Forest",1937,10.746000289917,"tmean"
"Angelus Oaks","Forest",1938,10.8740005493164,"tmean"
"Angelus Oaks","Forest",1939,11.2390003204346,"tmean"
"Angelus Oaks","Forest",1940,12.1100006103516,"tmean"
"Angelus Oaks","Forest",1941,9.86500072479248,"tmean"
"Angelus Oaks","Forest",1942,10.0050001144409,"tmean"
"Angelus Oaks","Forest",1943,11.0100002288818,"tmean"
"Angelus Oaks","Forest",1944,9.19600009918213,"tmean"
"Angelus Oaks","Forest",1945,9.48700046539307,"tmean"
"Angelus Oaks","Forest",1946,9.9060001373291,"tmean"
"Angelus Oaks","Forest",1947,10.8770008087158,"tmean"
"Angelus Oaks","Forest",1948,9.87600040435791,"tmean"
"Angelus Oaks","Forest",1949,9.89500045776367,"tmean"
"Angelus Oaks","Forest",1950,11.0800008773804,"tmean"
"Angelus Oaks","Forest",1951,10.7700004577637,"tmean"
"Angelus Oaks","Forest",1952,9.9980001449585,"tmean"
"Angelus Oaks","Forest",1953,11.5740003585815,"tmean"
"Angelus Oaks","Forest",1954,11.4970006942749,"tmean"
"Angelus Oaks","Forest",1955,10.6090002059937,"tmean"
"Angelus Oaks","Forest",1956,11.0890007019043,"tmean"
"Angelus Oaks","Forest",1957,10.8390007019043,"tmean"
"Angelus Oaks","Forest",1958,11.3420009613037,"tmean"
"Angelus Oaks","Forest",1959,11.943000793457,"tmean"
"Angelus Oaks","Forest",1960,11.4120006561279,"tmean"
"Angelus Oaks","Forest",1961,11.4060001373291,"tmean"
"Angelus Oaks","Forest",1962,11.2220001220703,"tmean"
"Angelus Oaks","Forest",1963,11.0050001144409,"tmean"
"Angelus Oaks","Forest",1964,10.5080003738403,"tmean"
"Angelus Oaks","Forest",1965,10.6020002365112,"tmean"
"Angelus Oaks","Forest",1966,11.7030010223389,"tmean"
"Angelus Oaks","Forest",1967,11.2470006942749,"tmean"
"Angelus Oaks","Forest",1968,11.2250003814697,"tmean"
"Angelus Oaks","Forest",1969,11.3590002059937,"tmean"
"Angelus Oaks","Forest",1970,11.7390003204346,"tmean"
"Angelus Oaks","Forest",1971,10.7680006027222,"tmean"
"Angelus Oaks","Forest",1972,11.4140005111694,"tmean"
"Angelus Oaks","Forest",1973,10.992000579834,"tmean"
"Angelus Oaks","Forest",1974,11.4740009307861,"tmean"
"Angelus Oaks","Forest",1975,10.7200002670288,"tmean"
"Angelus Oaks","Forest",1976,11.3150005340576,"tmean"
"Angelus Oaks","Forest",1977,11.8080005645752,"tmean"
"Angelus Oaks","Forest",1978,11.326000213623,"tmean"
"Angelus Oaks","Forest",1979,11.4690008163452,"tmean"
"Angelus Oaks","Forest",1980,11.9400005340576,"tmean"
"Angelus Oaks","Forest",1981,12.6120004653931,"tmean"
"Angelus Oaks","Forest",1982,10.7260007858276,"tmean"
"Angelus Oaks","Forest",1983,11.2760009765625,"tmean"
"Angelus Oaks","Forest",1984,12.0430002212524,"tmean"
"Angelus Oaks","Forest",1985,11.3880004882812,"tmean"
"Angelus Oaks","Forest",1986,12.0450010299683,"tmean"
"Angelus Oaks","Forest",1987,11.157000541687,"tmean"
"Angelus Oaks","Forest",1988,11.8740005493164,"tmean"
"Angelus Oaks","Forest",1989,12.0990009307861,"tmean"
"Angelus Oaks","Forest",1990,11.5700006484985,"tmean"
"Angelus Oaks","Forest",1991,11.4790000915527,"tmean"
"Angelus Oaks","Forest",1992,11.8750009536743,"tmean"
"Angelus Oaks","Forest",1993,11.5970001220703,"tmean"
"Angelus Oaks","Forest",1994,11.8290004730225,"tmean"
"Angelus Oaks","Forest",1995,12.2730007171631,"tmean"
"Angelus Oaks","Forest",1996,13.032000541687,"tmean"
"Angelus Oaks","Forest",1997,12.4850006103516,"tmean"
"Angelus Oaks","Forest",1998,11.0010004043579,"tmean"
"Angelus Oaks","Forest",1999,12.7610006332397,"tmean"
"Angelus Oaks","Forest",2000,13.5460004806519,"tmean"
"Angelus Oaks","Forest",2001,12.9300003051758,"tmean"
"Angelus Oaks","Forest",2002,12.8540010452271,"tmean"
"Angelus Oaks","Forest",2003,13.1790008544922,"tmean"
"Angelus Oaks","Forest",2004,12.4590005874634,"tmean"
"Angelus Oaks","Forest",2005,12.3680009841919,"tmean"
"Angelus Oaks","Forest",2006,12.8900003433228,"tmean"
"Angelus Oaks","Forest",2007,12.7960004806519,"tmean"
"Angelus Oaks","Forest",2008,12.8680009841919,"tmean"
"Angelus Oaks","Forest",2009,12.701000213623,"tmean"
"Angelus Oaks","Forest",2010,11.9990005493164,"tmean"
"Angelus Oaks","Forest",2011,12.157000541687,"tmean"
"Angelus Oaks","Forest",2012,13.314001083374,"tmean"
"Angelus Oaks","Forest",2013,13.1870002746582,"tmean"
"Angelus Oaks","Forest",2014,14.1560010910034,"tmean"
"Angelus Oaks","Forest",2015,13.2280006408691,"tmean"
"Angelus Oaks","Forest",2016,13.3480005264282,"tmean"
"Angelus Oaks","Forest",2017,13.7830009460449,"tmean"
"Angelus Oaks","Forest",2018,13.4200010299683,"tmean"
"Angelus Oaks","Forest",2019,11.9640007019043,"tmean"
"Angelus Oaks","Forest",2020,13.3057994842529,"tmean"
"Angelus Oaks","Forest",2021,12.7543992996216,"tmean"
"Angelus Oaks","Forest",2022,12.6204996109009,"tmean"
"Angelus Oaks","Forest",2023,10.798999786377,"tmean"
"Angelus Oaks","Forest",2024,12.5075168609619,"tmean"
"Angelus Oaks","Forest",2025,12.66100025177,"tmean"
"Forest Falls","Forest",1895,7.97700023651123,"tmean"
"Forest Falls","Forest",1896,8.30300045013428,"tmean"
"Forest Falls","Forest",1897,7.93200016021729,"tmean"
"Forest Falls","Forest",1898,8.58000087738037,"tmean"
"Forest Falls","Forest",1899,6.91600036621094,"tmean"
"Forest Falls","Forest",1900,7.38100051879883,"tmean"
"Forest Falls","Forest",1901,7.75100040435791,"tmean"
"Forest Falls","Forest",1902,6.6560001373291,"tmean"
"Forest Falls","Forest",1903,7.09800052642822,"tmean"
"Forest Falls","Forest",1904,8.19799995422363,"tmean"
"Forest Falls","Forest",1905,7.45400047302246,"tmean"
"Forest Falls","Forest",1906,7.62400054931641,"tmean"
"Forest Falls","Forest",1907,7.27400016784668,"tmean"
"Forest Falls","Forest",1908,7.15100049972534,"tmean"
"Forest Falls","Forest",1909,7.50300025939941,"tmean"
"Forest Falls","Forest",1910,8.42900085449219,"tmean"
"Forest Falls","Forest",1911,7.30300045013428,"tmean"
"Forest Falls","Forest",1912,6.81100034713745,"tmean"
"Forest Falls","Forest",1913,6.54200029373169,"tmean"
"Forest Falls","Forest",1914,7.74000024795532,"tmean"
"Forest Falls","Forest",1915,6.95800018310547,"tmean"
"Forest Falls","Forest",1916,7.33000040054321,"tmean"
"Forest Falls","Forest",1917,7.48000049591064,"tmean"
"Forest Falls","Forest",1918,7.34600019454956,"tmean"
"Forest Falls","Forest",1919,7.03900051116943,"tmean"
"Forest Falls","Forest",1920,7.26300048828125,"tmean"
"Forest Falls","Forest",1921,6.54500007629395,"tmean"
"Forest Falls","Forest",1922,6.12200021743774,"tmean"
"Forest Falls","Forest",1923,6.18800020217896,"tmean"
"Forest Falls","Forest",1924,7.17600011825562,"tmean"
"Forest Falls","Forest",1925,7.81800031661987,"tmean"
"Forest Falls","Forest",1926,8.31300067901611,"tmean"
"Forest Falls","Forest",1927,7.2950005531311,"tmean"
"Forest Falls","Forest",1928,7.7950005531311,"tmean"
"Forest Falls","Forest",1929,7.21000051498413,"tmean"
"Forest Falls","Forest",1930,6.24000024795532,"tmean"
"Forest Falls","Forest",1931,7.68100023269653,"tmean"
"Forest Falls","Forest",1932,7.09400033950806,"tmean"
"Forest Falls","Forest",1933,7.43900012969971,"tmean"
"Forest Falls","Forest",1934,8.29400062561035,"tmean"
"Forest Falls","Forest",1935,6.65700054168701,"tmean"
"Forest Falls","Forest",1936,7.94400024414062,"tmean"
"Forest Falls","Forest",1937,7.16700029373169,"tmean"
"Forest Falls","Forest",1938,6.73900032043457,"tmean"
"Forest Falls","Forest",1939,7.38200044631958,"tmean"
"Forest Falls","Forest",1940,8.28000068664551,"tmean"
"Forest Falls","Forest",1941,6.64900016784668,"tmean"
"Forest Falls","Forest",1942,7.55600023269653,"tmean"
"Forest Falls","Forest",1943,8.36600017547607,"tmean"
"Forest Falls","Forest",1944,6.39300012588501,"tmean"
"Forest Falls","Forest",1945,7.35300016403198,"tmean"
"Forest Falls","Forest",1946,7.28800058364868,"tmean"
"Forest Falls","Forest",1947,8.13899993896484,"tmean"
"Forest Falls","Forest",1948,7.52300024032593,"tmean"
"Forest Falls","Forest",1949,7.08300018310547,"tmean"
"Forest Falls","Forest",1950,8.72399997711182,"tmean"
"Forest Falls","Forest",1951,8.03900051116943,"tmean"
"Forest Falls","Forest",1952,7.22300052642822,"tmean"
"Forest Falls","Forest",1953,8.30700016021729,"tmean"
"Forest Falls","Forest",1954,8.78299999237061,"tmean"
"Forest Falls","Forest",1955,7.49700021743774,"tmean"
"Forest Falls","Forest",1956,8.16700077056885,"tmean"
"Forest Falls","Forest",1957,7.55100059509277,"tmean"
"Forest Falls","Forest",1958,8.27300071716309,"tmean"
"Forest Falls","Forest",1959,8.82000064849854,"tmean"
"Forest Falls","Forest",1960,8.39300060272217,"tmean"
"Forest Falls","Forest",1961,8.13300037384033,"tmean"
"Forest Falls","Forest",1962,8.03700065612793,"tmean"
"Forest Falls","Forest",1963,7.91300058364868,"tmean"
"Forest Falls","Forest",1964,7.33500051498413,"tmean"
"Forest Falls","Forest",1965,7.24200057983398,"tmean"
"Forest Falls","Forest",1966,8.31400012969971,"tmean"
"Forest Falls","Forest",1967,7.64300012588501,"tmean"
"Forest Falls","Forest",1968,8.00699996948242,"tmean"
"Forest Falls","Forest",1969,7.99000024795532,"tmean"
"Forest Falls","Forest",1970,8.28299999237061,"tmean"
"Forest Falls","Forest",1971,7.64800024032593,"tmean"
"Forest Falls","Forest",1972,7.89800024032593,"tmean"
"Forest Falls","Forest",1973,7.68400049209595,"tmean"
"Forest Falls","Forest",1974,8.12100028991699,"tmean"
"Forest Falls","Forest",1975,7.59900045394897,"tmean"
"Forest Falls","Forest",1976,7.90300035476685,"tmean"
"Forest Falls","Forest",1977,8.37400054931641,"tmean"
"Forest Falls","Forest",1978,7.96200037002563,"tmean"
"Forest Falls","Forest",1979,8.25900077819824,"tmean"
"Forest Falls","Forest",1980,8.42500019073486,"tmean"
"Forest Falls","Forest",1981,9.17600059509277,"tmean"
"Forest Falls","Forest",1982,7.54700040817261,"tmean"
"Forest Falls","Forest",1983,7.9060001373291,"tmean"
"Forest Falls","Forest",1984,8.45800018310547,"tmean"
"Forest Falls","Forest",1985,8.36300086975098,"tmean"
"Forest Falls","Forest",1986,8.73000049591064,"tmean"
"Forest Falls","Forest",1987,7.68000030517578,"tmean"
"Forest Falls","Forest",1988,8.46200084686279,"tmean"
"Forest Falls","Forest",1989,8.6560001373291,"tmean"
"Forest Falls","Forest",1990,8.03900051116943,"tmean"
"Forest Falls","Forest",1991,7.82800054550171,"tmean"
"Forest Falls","Forest",1992,8.16200065612793,"tmean"
"Forest Falls","Forest",1993,8.23700046539307,"tmean"
"Forest Falls","Forest",1994,8.39800071716309,"tmean"
"Forest Falls","Forest",1995,8.59500026702881,"tmean"
"Forest Falls","Forest",1996,9.28200054168701,"tmean"
"Forest Falls","Forest",1997,8.7810001373291,"tmean"
"Forest Falls","Forest",1998,7.47800016403198,"tmean"
"Forest Falls","Forest",1999,8.9330005645752,"tmean"
"Forest Falls","Forest",2000,9.23900032043457,"tmean"
"Forest Falls","Forest",2001,8.98100090026855,"tmean"
"Forest Falls","Forest",2002,9.22100067138672,"tmean"
"Forest Falls","Forest",2003,9.48700046539307,"tmean"
"Forest Falls","Forest",2004,8.54699993133545,"tmean"
"Forest Falls","Forest",2005,8.61200046539307,"tmean"
"Forest Falls","Forest",2006,9.06800079345703,"tmean"
"Forest Falls","Forest",2007,9.2180004119873,"tmean"
"Forest Falls","Forest",2008,9.20600032806396,"tmean"
"Forest Falls","Forest",2009,9.01500034332275,"tmean"
"Forest Falls","Forest",2010,8.47000026702881,"tmean"
"Forest Falls","Forest",2011,8.45300006866455,"tmean"
"Forest Falls","Forest",2012,9.55500030517578,"tmean"
"Forest Falls","Forest",2013,9.35000038146973,"tmean"
"Forest Falls","Forest",2014,10.3230009078979,"tmean"
"Forest Falls","Forest",2015,9.32000064849854,"tmean"
"Forest Falls","Forest",2016,9.56300067901611,"tmean"
"Forest Falls","Forest",2017,10.0730009078979,"tmean"
"Forest Falls","Forest",2018,9.653000831604,"tmean"
"Forest Falls","Forest",2019,8.22900009155273,"tmean"
"Forest Falls","Forest",2020,10.0373001098633,"tmean"
"Forest Falls","Forest",2021,9.62199974060059,"tmean"
"Forest Falls","Forest",2022,9.27859973907471,"tmean"
"Forest Falls","Forest",2023,7.85500001907349,"tmean"
"Forest Falls","Forest",2024,9.35430431365967,"tmean"
"Forest Falls","Forest",2025,9.4060001373291,"tmean"
"Harng 'Aki Preserve","Shrubland",1895,16.0610008239746,"tmean"
"Harng 'Aki Preserve","Shrubland",1896,16.5260009765625,"tmean"
"Harng 'Aki Preserve","Shrubland",1897,15.6830005645752,"tmean"
"Harng 'Aki Preserve","Shrubland",1898,16.8150005340576,"tmean"
"Harng 'Aki Preserve","Shrubland",1899,16.8760013580322,"tmean"
"Harng 'Aki Preserve","Shrubland",1900,17.0630016326904,"tmean"
"Harng 'Aki Preserve","Shrubland",1901,16.9970016479492,"tmean"
"Harng 'Aki Preserve","Shrubland",1902,16.1400012969971,"tmean"
"Harng 'Aki Preserve","Shrubland",1903,16.5939998626709,"tmean"
"Harng 'Aki Preserve","Shrubland",1904,17.6960010528564,"tmean"
"Harng 'Aki Preserve","Shrubland",1905,16.8190002441406,"tmean"
"Harng 'Aki Preserve","Shrubland",1906,17.0120010375977,"tmean"
"Harng 'Aki Preserve","Shrubland",1907,16.568000793457,"tmean"
"Harng 'Aki Preserve","Shrubland",1908,16.57200050354,"tmean"
"Harng 'Aki Preserve","Shrubland",1909,16.4090003967285,"tmean"
"Harng 'Aki Preserve","Shrubland",1910,17.5270004272461,"tmean"
"Harng 'Aki Preserve","Shrubland",1911,16.2890014648438,"tmean"
"Harng 'Aki Preserve","Shrubland",1912,16.2880001068115,"tmean"
"Harng 'Aki Preserve","Shrubland",1913,16.1870002746582,"tmean"
"Harng 'Aki Preserve","Shrubland",1914,16.5290012359619,"tmean"
"Harng 'Aki Preserve","Shrubland",1915,16.0700016021729,"tmean"
"Harng 'Aki Preserve","Shrubland",1916,16.0330009460449,"tmean"
"Harng 'Aki Preserve","Shrubland",1917,16.6110000610352,"tmean"
"Harng 'Aki Preserve","Shrubland",1918,16.701000213623,"tmean"
"Harng 'Aki Preserve","Shrubland",1919,16.2130012512207,"tmean"
"Harng 'Aki Preserve","Shrubland",1920,15.8450012207031,"tmean"
"Harng 'Aki Preserve","Shrubland",1921,16.4640007019043,"tmean"
"Harng 'Aki Preserve","Shrubland",1922,16.0310001373291,"tmean"
"Harng 'Aki Preserve","Shrubland",1923,16.3450012207031,"tmean"
"Harng 'Aki Preserve","Shrubland",1924,16.2840003967285,"tmean"
"Harng 'Aki Preserve","Shrubland",1925,16.4700012207031,"tmean"
"Harng 'Aki Preserve","Shrubland",1926,17.355001449585,"tmean"
"Harng 'Aki Preserve","Shrubland",1927,16.5420017242432,"tmean"
"Harng 'Aki Preserve","Shrubland",1928,16.8540000915527,"tmean"
"Harng 'Aki Preserve","Shrubland",1929,17.3450012207031,"tmean"
"Harng 'Aki Preserve","Shrubland",1930,16.8770008087158,"tmean"
"Harng 'Aki Preserve","Shrubland",1931,17.5470008850098,"tmean"
"Harng 'Aki Preserve","Shrubland",1932,16.5060005187988,"tmean"
"Harng 'Aki Preserve","Shrubland",1933,16.8460006713867,"tmean"
"Harng 'Aki Preserve","Shrubland",1934,18.3370018005371,"tmean"
"Harng 'Aki Preserve","Shrubland",1935,16.8400001525879,"tmean"
"Harng 'Aki Preserve","Shrubland",1936,17.8800010681152,"tmean"
"Harng 'Aki Preserve","Shrubland",1937,17.25,"tmean"
"Harng 'Aki Preserve","Shrubland",1938,17.2410011291504,"tmean"
"Harng 'Aki Preserve","Shrubland",1939,17.3480014801025,"tmean"
"Harng 'Aki Preserve","Shrubland",1940,17.5180015563965,"tmean"
"Harng 'Aki Preserve","Shrubland",1941,16.3439998626709,"tmean"
"Harng 'Aki Preserve","Shrubland",1942,16.7410011291504,"tmean"
"Harng 'Aki Preserve","Shrubland",1943,17.2370014190674,"tmean"
"Harng 'Aki Preserve","Shrubland",1944,15.746000289917,"tmean"
"Harng 'Aki Preserve","Shrubland",1945,16.2590007781982,"tmean"
"Harng 'Aki Preserve","Shrubland",1946,16.8020000457764,"tmean"
"Harng 'Aki Preserve","Shrubland",1947,17.1040000915527,"tmean"
"Harng 'Aki Preserve","Shrubland",1948,15.9550008773804,"tmean"
"Harng 'Aki Preserve","Shrubland",1949,16.1360015869141,"tmean"
"Harng 'Aki Preserve","Shrubland",1950,17.1430015563965,"tmean"
"Harng 'Aki Preserve","Shrubland",1951,16.4250011444092,"tmean"
"Harng 'Aki Preserve","Shrubland",1952,16.2580013275146,"tmean"
"Harng 'Aki Preserve","Shrubland",1953,16.5250015258789,"tmean"
"Harng 'Aki Preserve","Shrubland",1954,16.863000869751,"tmean"
"Harng 'Aki Preserve","Shrubland",1955,16.2040004730225,"tmean"
"Harng 'Aki Preserve","Shrubland",1956,16.7320003509521,"tmean"
"Harng 'Aki Preserve","Shrubland",1957,16.875,"tmean"
"Harng 'Aki Preserve","Shrubland",1958,17.810001373291,"tmean"
"Harng 'Aki Preserve","Shrubland",1959,17.9680004119873,"tmean"
"Harng 'Aki Preserve","Shrubland",1960,17.3860015869141,"tmean"
"Harng 'Aki Preserve","Shrubland",1961,17.3030014038086,"tmean"
"Harng 'Aki Preserve","Shrubland",1962,17.1220016479492,"tmean"
"Harng 'Aki Preserve","Shrubland",1963,16.9990005493164,"tmean"
"Harng 'Aki Preserve","Shrubland",1964,16.5750007629395,"tmean"
"Harng 'Aki Preserve","Shrubland",1965,16.6000003814697,"tmean"
"Harng 'Aki Preserve","Shrubland",1966,17.4370002746582,"tmean"
"Harng 'Aki Preserve","Shrubland",1967,17.1730003356934,"tmean"
"Harng 'Aki Preserve","Shrubland",1968,17.0810012817383,"tmean"
"Harng 'Aki Preserve","Shrubland",1969,16.9549999237061,"tmean"
"Harng 'Aki Preserve","Shrubland",1970,17.2080001831055,"tmean"
"Harng 'Aki Preserve","Shrubland",1971,16.5360012054443,"tmean"
"Harng 'Aki Preserve","Shrubland",1972,17.1740016937256,"tmean"
"Harng 'Aki Preserve","Shrubland",1973,16.3240013122559,"tmean"
"Harng 'Aki Preserve","Shrubland",1974,16.9180011749268,"tmean"
"Harng 'Aki Preserve","Shrubland",1975,16.326000213623,"tmean"
"Harng 'Aki Preserve","Shrubland",1976,17.1480007171631,"tmean"
"Harng 'Aki Preserve","Shrubland",1977,17.4090003967285,"tmean"
"Harng 'Aki Preserve","Shrubland",1978,17.4060001373291,"tmean"
"Harng 'Aki Preserve","Shrubland",1979,17.2250003814697,"tmean"
"Harng 'Aki Preserve","Shrubland",1980,17.8650016784668,"tmean"
"Harng 'Aki Preserve","Shrubland",1981,18.484001159668,"tmean"
"Harng 'Aki Preserve","Shrubland",1982,16.4230003356934,"tmean"
"Harng 'Aki Preserve","Shrubland",1983,17.2750015258789,"tmean"
"Harng 'Aki Preserve","Shrubland",1984,18.3050003051758,"tmean"
"Harng 'Aki Preserve","Shrubland",1985,17.3299999237061,"tmean"
"Harng 'Aki Preserve","Shrubland",1986,18.0860004425049,"tmean"
"Harng 'Aki Preserve","Shrubland",1987,17.5200004577637,"tmean"
"Harng 'Aki Preserve","Shrubland",1988,18.1950016021729,"tmean"
"Harng 'Aki Preserve","Shrubland",1989,18.1450004577637,"tmean"
"Harng 'Aki Preserve","Shrubland",1990,18.121000289917,"tmean"
"Harng 'Aki Preserve","Shrubland",1991,17.8400001525879,"tmean"
"Harng 'Aki Preserve","Shrubland",1992,18.3490009307861,"tmean"
"Harng 'Aki Preserve","Shrubland",1993,17.8770008087158,"tmean"
"Harng 'Aki Preserve","Shrubland",1994,17.5729999542236,"tmean"
"Harng 'Aki Preserve","Shrubland",1995,18.0840015411377,"tmean"
"Harng 'Aki Preserve","Shrubland",1996,18.5740013122559,"tmean"
"Harng 'Aki Preserve","Shrubland",1997,18.476001739502,"tmean"
"Harng 'Aki Preserve","Shrubland",1998,16.9610004425049,"tmean"
"Harng 'Aki Preserve","Shrubland",1999,17.7760009765625,"tmean"
"Harng 'Aki Preserve","Shrubland",2000,18.2100009918213,"tmean"
"Harng 'Aki Preserve","Shrubland",2001,17.6880016326904,"tmean"
"Harng 'Aki Preserve","Shrubland",2002,17.8470001220703,"tmean"
"Harng 'Aki Preserve","Shrubland",2003,18.4570007324219,"tmean"
"Harng 'Aki Preserve","Shrubland",2004,17.9860000610352,"tmean"
"Harng 'Aki Preserve","Shrubland",2005,17.9560012817383,"tmean"
"Harng 'Aki Preserve","Shrubland",2006,18.3570003509521,"tmean"
"Harng 'Aki Preserve","Shrubland",2007,18.3280010223389,"tmean"
"Harng 'Aki Preserve","Shrubland",2008,18.5920009613037,"tmean"
"Harng 'Aki Preserve","Shrubland",2009,18.2490005493164,"tmean"
"Harng 'Aki Preserve","Shrubland",2010,17.4050006866455,"tmean"
"Harng 'Aki Preserve","Shrubland",2011,17.5460014343262,"tmean"
"Harng 'Aki Preserve","Shrubland",2012,18.9260005950928,"tmean"
"Harng 'Aki Preserve","Shrubland",2013,18.3340015411377,"tmean"
"Harng 'Aki Preserve","Shrubland",2014,19.5390014648438,"tmean"
"Harng 'Aki Preserve","Shrubland",2015,18.9680004119873,"tmean"
"Harng 'Aki Preserve","Shrubland",2016,18.8819999694824,"tmean"
"Harng 'Aki Preserve","Shrubland",2017,19.193000793457,"tmean"
"Harng 'Aki Preserve","Shrubland",2018,18.7980003356934,"tmean"
"Harng 'Aki Preserve","Shrubland",2019,17.4270000457764,"tmean"
"Harng 'Aki Preserve","Shrubland",2020,18.6850986480713,"tmean"
"Harng 'Aki Preserve","Shrubland",2021,17.9207992553711,"tmean"
"Harng 'Aki Preserve","Shrubland",2022,18.1066989898682,"tmean"
"Harng 'Aki Preserve","Shrubland",2023,16.4300003051758,"tmean"
"Harng 'Aki Preserve","Shrubland",2024,17.5581207275391,"tmean"
"Harng 'Aki Preserve","Shrubland",2025,17.8409996032715,"tmean"
"Caroline Park","Shrubland",1895,16.3330001831055,"tmean"
"Caroline Park","Shrubland",1896,16.8830013275146,"tmean"
"Caroline Park","Shrubland",1897,15.9830007553101,"tmean"
"Caroline Park","Shrubland",1898,17.2470016479492,"tmean"
"Caroline Park","Shrubland",1899,17.3150005340576,"tmean"
"Caroline Park","Shrubland",1900,17.4260005950928,"tmean"
"Caroline Park","Shrubland",1901,17.3850002288818,"tmean"
"Caroline Park","Shrubland",1902,16.6410007476807,"tmean"
"Caroline Park","Shrubland",1903,17.0380001068115,"tmean"
"Caroline Park","Shrubland",1904,17.9740009307861,"tmean"
"Caroline Park","Shrubland",1905,17.0400009155273,"tmean"
"Caroline Park","Shrubland",1906,17.2320003509521,"tmean"
"Caroline Park","Shrubland",1907,16.6640014648438,"tmean"
"Caroline Park","Shrubland",1908,16.7900009155273,"tmean"
"Caroline Park","Shrubland",1909,16.4670009613037,"tmean"
"Caroline Park","Shrubland",1910,17.6580009460449,"tmean"
"Caroline Park","Shrubland",1911,16.431001663208,"tmean"
"Caroline Park","Shrubland",1912,16.3000011444092,"tmean"
"Caroline Park","Shrubland",1913,16.4060001373291,"tmean"
"Caroline Park","Shrubland",1914,16.9700012207031,"tmean"
"Caroline Park","Shrubland",1915,16.5490016937256,"tmean"
"Caroline Park","Shrubland",1916,16.3930015563965,"tmean"
"Caroline Park","Shrubland",1917,17.0410003662109,"tmean"
"Caroline Park","Shrubland",1918,17.113000869751,"tmean"
"Caroline Park","Shrubland",1919,16.6370010375977,"tmean"
"Caroline Park","Shrubland",1920,16.1730003356934,"tmean"
"Caroline Park","Shrubland",1921,16.6990013122559,"tmean"
"Caroline Park","Shrubland",1922,16.2790012359619,"tmean"
"Caroline Park","Shrubland",1923,16.7430000305176,"tmean"
"Caroline Park","Shrubland",1924,16.7170009613037,"tmean"
"Caroline Park","Shrubland",1925,16.984001159668,"tmean"
"Caroline Park","Shrubland",1926,17.7709999084473,"tmean"
"Caroline Park","Shrubland",1927,17.0850009918213,"tmean"
"Caroline Park","Shrubland",1928,17.3320007324219,"tmean"
"Caroline Park","Shrubland",1929,17.6440010070801,"tmean"
"Caroline Park","Shrubland",1930,16.943000793457,"tmean"
"Caroline Park","Shrubland",1931,17.6310005187988,"tmean"
"Caroline Park","Shrubland",1932,16.3350009918213,"tmean"
"Caroline Park","Shrubland",1933,16.6459999084473,"tmean"
"Caroline Park","Shrubland",1934,18.1400012969971,"tmean"
"Caroline Park","Shrubland",1935,16.7070007324219,"tmean"
"Caroline Park","Shrubland",1936,17.7350006103516,"tmean"
"Caroline Park","Shrubland",1937,17.1570014953613,"tmean"
"Caroline Park","Shrubland",1938,17.1700000762939,"tmean"
"Caroline Park","Shrubland",1939,17.3570003509521,"tmean"
"Caroline Park","Shrubland",1940,17.4500007629395,"tmean"
"Caroline Park","Shrubland",1941,16.5860004425049,"tmean"
"Caroline Park","Shrubland",1942,16.9590015411377,"tmean"
"Caroline Park","Shrubland",1943,17.4420013427734,"tmean"
"Caroline Park","Shrubland",1944,16.0040016174316,"tmean"
"Caroline Park","Shrubland",1945,16.480001449585,"tmean"
"Caroline Park","Shrubland",1946,17.0090007781982,"tmean"
"Caroline Park","Shrubland",1947,17.2400016784668,"tmean"
"Caroline Park","Shrubland",1948,16.0139999389648,"tmean"
"Caroline Park","Shrubland",1949,16.3509998321533,"tmean"
"Caroline Park","Shrubland",1950,17.2440013885498,"tmean"
"Caroline Park","Shrubland",1951,16.5970001220703,"tmean"
"Caroline Park","Shrubland",1952,16.4320011138916,"tmean"
"Caroline Park","Shrubland",1953,16.5440006256104,"tmean"
"Caroline Park","Shrubland",1954,16.8360004425049,"tmean"
"Caroline Park","Shrubland",1955,16.6480007171631,"tmean"
"Caroline Park","Shrubland",1956,17.0729999542236,"tmean"
"Caroline Park","Shrubland",1957,17.355001449585,"tmean"
"Caroline Park","Shrubland",1958,18.2230014801025,"tmean"
"Caroline Park","Shrubland",1959,18.5220012664795,"tmean"
"Caroline Park","Shrubland",1960,17.9150009155273,"tmean"
"Caroline Park","Shrubland",1961,17.8240013122559,"tmean"
"Caroline Park","Shrubland",1962,17.3870010375977,"tmean"
"Caroline Park","Shrubland",1963,17.4110012054443,"tmean"
"Caroline Park","Shrubland",1964,16.8850002288818,"tmean"
"Caroline Park","Shrubland",1965,17.0010013580322,"tmean"
"Caroline Park","Shrubland",1966,17.7610015869141,"tmean"
"Caroline Park","Shrubland",1967,17.5490016937256,"tmean"
"Caroline Park","Shrubland",1968,17.5830001831055,"tmean"
"Caroline Park","Shrubland",1969,17.2530002593994,"tmean"
"Caroline Park","Shrubland",1970,17.3700008392334,"tmean"
"Caroline Park","Shrubland",1971,16.8420009613037,"tmean"
"Caroline Park","Shrubland",1972,17.4530010223389,"tmean"
"Caroline Park","Shrubland",1973,16.480001449585,"tmean"
"Caroline Park","Shrubland",1974,17.1840000152588,"tmean"
"Caroline Park","Shrubland",1975,16.6300010681152,"tmean"
"Caroline Park","Shrubland",1976,17.4890003204346,"tmean"
"Caroline Park","Shrubland",1977,17.7910003662109,"tmean"
"Caroline Park","Shrubland",1978,17.8490009307861,"tmean"
"Caroline Park","Shrubland",1979,17.57200050354,"tmean"
"Caroline Park","Shrubland",1980,17.976001739502,"tmean"
"Caroline Park","Shrubland",1981,18.5490016937256,"tmean"
"Caroline Park","Shrubland",1982,16.4670009613037,"tmean"
"Caroline Park","Shrubland",1983,17.4570007324219,"tmean"
"Caroline Park","Shrubland",1984,18.7370014190674,"tmean"
"Caroline Park","Shrubland",1985,17.8410015106201,"tmean"
"Caroline Park","Shrubland",1986,18.5980014801025,"tmean"
"Caroline Park","Shrubland",1987,17.9980010986328,"tmean"
"Caroline Park","Shrubland",1988,18.6120014190674,"tmean"
"Caroline Park","Shrubland",1989,18.3270015716553,"tmean"
"Caroline Park","Shrubland",1990,18.4590015411377,"tmean"
"Caroline Park","Shrubland",1991,18.0860004425049,"tmean"
"Caroline Park","Shrubland",1992,18.7110004425049,"tmean"
"Caroline Park","Shrubland",1993,18.234001159668,"tmean"
"Caroline Park","Shrubland",1994,17.7850017547607,"tmean"
"Caroline Park","Shrubland",1995,18.2970008850098,"tmean"
"Caroline Park","Shrubland",1996,18.8190002441406,"tmean"
"Caroline Park","Shrubland",1997,18.7940006256104,"tmean"
"Caroline Park","Shrubland",1998,17.2960014343262,"tmean"
"Caroline Park","Shrubland",1999,17.8500003814697,"tmean"
"Caroline Park","Shrubland",2000,18.4120006561279,"tmean"
"Caroline Park","Shrubland",2001,17.8700008392334,"tmean"
"Caroline Park","Shrubland",2002,18.2880001068115,"tmean"
"Caroline Park","Shrubland",2003,18.8159999847412,"tmean"
"Caroline Park","Shrubland",2004,18.3229999542236,"tmean"
"Caroline Park","Shrubland",2005,18.189001083374,"tmean"
"Caroline Park","Shrubland",2006,18.4540004730225,"tmean"
"Caroline Park","Shrubland",2007,18.5200004577637,"tmean"
"Caroline Park","Shrubland",2008,18.7760009765625,"tmean"
"Caroline Park","Shrubland",2009,18.363000869751,"tmean"
"Caroline Park","Shrubland",2010,17.5370006561279,"tmean"
"Caroline Park","Shrubland",2011,17.8650016784668,"tmean"
"Caroline Park","Shrubland",2012,19.2640018463135,"tmean"
"Caroline Park","Shrubland",2013,18.3850002288818,"tmean"
"Caroline Park","Shrubland",2014,19.5940017700195,"tmean"
"Caroline Park","Shrubland",2015,19.238000869751,"tmean"
"Caroline Park","Shrubland",2016,19.3020000457764,"tmean"
"Caroline Park","Shrubland",2017,19.7700004577637,"tmean"
"Caroline Park","Shrubland",2018,19.1980018615723,"tmean"
"Caroline Park","Shrubland",2019,17.9260005950928,"tmean"
"Caroline Park","Shrubland",2020,19.2793998718262,"tmean"
"Caroline Park","Shrubland",2021,18.4897003173828,"tmean"
"Caroline Park","Shrubland",2022,18.8330001831055,"tmean"
"Caroline Park","Shrubland",2023,17.1959991455078,"tmean"
"Caroline Park","Shrubland",2024,18.3158702850342,"tmean"
"Caroline Park","Shrubland",2025,18.8330001831055,"tmean"
"Snow Creek","Desert",1895,19.0330009460449,"tmean"
"Snow Creek","Desert",1896,19.5220012664795,"tmean"
"Snow Creek","Desert",1897,18.7560005187988,"tmean"
"Snow Creek","Desert",1898,19.3600006103516,"tmean"
"Snow Creek","Desert",1899,19.2050018310547,"tmean"
"Snow Creek","Desert",1900,19.7750015258789,"tmean"
"Snow Creek","Desert",1901,19.7190017700195,"tmean"
"Snow Creek","Desert",1902,19.0130004882812,"tmean"
"Snow Creek","Desert",1903,19.5230007171631,"tmean"
"Snow Creek","Desert",1904,20.0530014038086,"tmean"
"Snow Creek","Desert",1905,19.5700016021729,"tmean"
"Snow Creek","Desert",1906,19.689001083374,"tmean"
"Snow Creek","Desert",1907,19.5240001678467,"tmean"
"Snow Creek","Desert",1908,19.3580017089844,"tmean"
"Snow Creek","Desert",1909,19.1540012359619,"tmean"
"Snow Creek","Desert",1910,20.5550003051758,"tmean"
"Snow Creek","Desert",1911,19.234001159668,"tmean"
"Snow Creek","Desert",1912,19.1030006408691,"tmean"
"Snow Creek","Desert",1913,19.0210018157959,"tmean"
"Snow Creek","Desert",1914,19.8410015106201,"tmean"
"Snow Creek","Desert",1915,19.2230014801025,"tmean"
"Snow Creek","Desert",1916,19.2080001831055,"tmean"
"Snow Creek","Desert",1917,19.7900009155273,"tmean"
"Snow Creek","Desert",1918,19.8320007324219,"tmean"
"Snow Creek","Desert",1919,19.3120002746582,"tmean"
"Snow Creek","Desert",1920,19,"tmean"
"Snow Creek","Desert",1921,19.6360015869141,"tmean"
"Snow Creek","Desert",1922,19.1590003967285,"tmean"
"Snow Creek","Desert",1923,19.4620018005371,"tmean"
"Snow Creek","Desert",1924,19.8950004577637,"tmean"
"Snow Creek","Desert",1925,19.9360008239746,"tmean"
"Snow Creek","Desert",1926,20.3960018157959,"tmean"
"Snow Creek","Desert",1927,19.2830009460449,"tmean"
"Snow Creek","Desert",1928,20.109001159668,"tmean"
"Snow Creek","Desert",1929,20.0800018310547,"tmean"
"Snow Creek","Desert",1930,19.7660007476807,"tmean"
"Snow Creek","Desert",1931,20.2800006866455,"tmean"
"Snow Creek","Desert",1932,19.6980018615723,"tmean"
"Snow Creek","Desert",1933,19.8160018920898,"tmean"
"Snow Creek","Desert",1934,21.7020015716553,"tmean"
"Snow Creek","Desert",1935,19.6380004882812,"tmean"
"Snow Creek","Desert",1936,20.3970012664795,"tmean"
"Snow Creek","Desert",1937,20.1340007781982,"tmean"
"Snow Creek","Desert",1938,19.9850006103516,"tmean"
"Snow Creek","Desert",1939,20.2410011291504,"tmean"
"Snow Creek","Desert",1940,20.3640003204346,"tmean"
"Snow Creek","Desert",1941,18.8530006408691,"tmean"
"Snow Creek","Desert",1942,19.625,"tmean"
"Snow Creek","Desert",1943,20.246000289917,"tmean"
"Snow Creek","Desert",1944,18.8310012817383,"tmean"
"Snow Creek","Desert",1945,19.2580013275146,"tmean"
"Snow Creek","Desert",1946,19.4260005950928,"tmean"
"Snow Creek","Desert",1947,19.8040008544922,"tmean"
"Snow Creek","Desert",1948,19.5070018768311,"tmean"
"Snow Creek","Desert",1949,19.2950000762939,"tmean"
"Snow Creek","Desert",1950,20.5230007171631,"tmean"
"Snow Creek","Desert",1951,19.5090007781982,"tmean"
"Snow Creek","Desert",1952,19.306001663208,"tmean"
"Snow Creek","Desert",1953,19.4160003662109,"tmean"
"Snow Creek","Desert",1954,19.9830017089844,"tmean"
"Snow Creek","Desert",1955,19.0810012817383,"tmean"
"Snow Creek","Desert",1956,19.5570011138916,"tmean"
"Snow Creek","Desert",1957,19.94700050354,"tmean"
"Snow Creek","Desert",1958,20.6620006561279,"tmean"
"Snow Creek","Desert",1959,20.6580009460449,"tmean"
"Snow Creek","Desert",1960,20.318000793457,"tmean"
"Snow Creek","Desert",1961,20.2310009002686,"tmean"
"Snow Creek","Desert",1962,20.1730003356934,"tmean"
"Snow Creek","Desert",1963,20.0650005340576,"tmean"
"Snow Creek","Desert",1964,19.3690013885498,"tmean"
"Snow Creek","Desert",1965,19.7070007324219,"tmean"
"Snow Creek","Desert",1966,20.4280014038086,"tmean"
"Snow Creek","Desert",1967,20.0610008239746,"tmean"
"Snow Creek","Desert",1968,20.2200012207031,"tmean"
"Snow Creek","Desert",1969,20.3080005645752,"tmean"
"Snow Creek","Desert",1970,20.1280002593994,"tmean"
"Snow Creek","Desert",1971,19.625,"tmean"
"Snow Creek","Desert",1972,20.3070011138916,"tmean"
"Snow Creek","Desert",1973,19.810001373291,"tmean"
"Snow Creek","Desert",1974,20.5590019226074,"tmean"
"Snow Creek","Desert",1975,19.8540000915527,"tmean"
"Snow Creek","Desert",1976,20.2520008087158,"tmean"
"Snow Creek","Desert",1977,20.6180000305176,"tmean"
"Snow Creek","Desert",1978,20.2620010375977,"tmean"
"Snow Creek","Desert",1979,20.3200016021729,"tmean"
"Snow Creek","Desert",1980,21.0300006866455,"tmean"
"Snow Creek","Desert",1981,21.7210006713867,"tmean"
"Snow Creek","Desert",1982,19.6230010986328,"tmean"
"Snow Creek","Desert",1983,20.0800018310547,"tmean"
"Snow Creek","Desert",1984,20.9290008544922,"tmean"
"Snow Creek","Desert",1985,20.2070007324219,"tmean"
"Snow Creek","Desert",1986,21.2100009918213,"tmean"
"Snow Creek","Desert",1987,20.5130004882812,"tmean"
"Snow Creek","Desert",1988,20.935001373291,"tmean"
"Snow Creek","Desert",1989,21.1990013122559,"tmean"
"Snow Creek","Desert",1990,20.7020015716553,"tmean"
"Snow Creek","Desert",1991,20.5130004882812,"tmean"
"Snow Creek","Desert",1992,20.8000011444092,"tmean"
"Snow Creek","Desert",1993,20.4030017852783,"tmean"
"Snow Creek","Desert",1994,20.7860012054443,"tmean"
"Snow Creek","Desert",1995,21.4010009765625,"tmean"
"Snow Creek","Desert",1996,21.6980018615723,"tmean"
"Snow Creek","Desert",1997,21.201000213623,"tmean"
"Snow Creek","Desert",1998,19.7690010070801,"tmean"
"Snow Creek","Desert",1999,20.6400012969971,"tmean"
"Snow Creek","Desert",2000,21.0710010528564,"tmean"
"Snow Creek","Desert",2001,21.1640014648438,"tmean"
"Snow Creek","Desert",2002,20.9610004425049,"tmean"
"Snow Creek","Desert",2003,21.3460006713867,"tmean"
"Snow Creek","Desert",2004,20.7370014190674,"tmean"
"Snow Creek","Desert",2005,20.7530002593994,"tmean"
"Snow Creek","Desert",2006,21.0730018615723,"tmean"
"Snow Creek","Desert",2007,21.1560001373291,"tmean"
"Snow Creek","Desert",2008,21.1370010375977,"tmean"
"Snow Creek","Desert",2009,21.0550003051758,"tmean"
"Snow Creek","Desert",2010,20.3150005340576,"tmean"
"Snow Creek","Desert",2011,20.32200050354,"tmean"
"Snow Creek","Desert",2012,21.7970008850098,"tmean"
"Snow Creek","Desert",2013,21.3080005645752,"tmean"
"Snow Creek","Desert",2014,22.3700008392334,"tmean"
"Snow Creek","Desert",2015,22.0330009460449,"tmean"
"Snow Creek","Desert",2016,21.9570007324219,"tmean"
"Snow Creek","Desert",2017,22.5210018157959,"tmean"
"Snow Creek","Desert",2018,22.3190002441406,"tmean"
"Snow Creek","Desert",2019,20.8010005950928,"tmean"
"Snow Creek","Desert",2020,22.5862998962402,"tmean"
"Snow Creek","Desert",2021,22.1950988769531,"tmean"
"Snow Creek","Desert",2022,22.092399597168,"tmean"
"Snow Creek","Desert",2023,20.6700000762939,"tmean"
"Snow Creek","Desert",2024,22.1805248260498,"tmean"
"Snow Creek","Desert",2025,22.048999786377,"tmean"
"San Timoteo Canyon","Riparian",1895,16.0610008239746,"tmean"
"San Timoteo Canyon","Riparian",1896,16.5260009765625,"tmean"
"San Timoteo Canyon","Riparian",1897,15.6830005645752,"tmean"
"San Timoteo Canyon","Riparian",1898,16.8150005340576,"tmean"
"San Timoteo Canyon","Riparian",1899,16.8760013580322,"tmean"
"San Timoteo Canyon","Riparian",1900,17.0630016326904,"tmean"
"San Timoteo Canyon","Riparian",1901,16.9970016479492,"tmean"
"San Timoteo Canyon","Riparian",1902,16.1400012969971,"tmean"
"San Timoteo Canyon","Riparian",1903,16.5939998626709,"tmean"
"San Timoteo Canyon","Riparian",1904,17.6960010528564,"tmean"
"San Timoteo Canyon","Riparian",1905,16.8190002441406,"tmean"
"San Timoteo Canyon","Riparian",1906,17.0120010375977,"tmean"
"San Timoteo Canyon","Riparian",1907,16.568000793457,"tmean"
"San Timoteo Canyon","Riparian",1908,16.57200050354,"tmean"
"San Timoteo Canyon","Riparian",1909,16.4090003967285,"tmean"
"San Timoteo Canyon","Riparian",1910,17.5270004272461,"tmean"
"San Timoteo Canyon","Riparian",1911,16.2890014648438,"tmean"
"San Timoteo Canyon","Riparian",1912,16.2880001068115,"tmean"
"San Timoteo Canyon","Riparian",1913,16.1870002746582,"tmean"
"San Timoteo Canyon","Riparian",1914,16.5290012359619,"tmean"
"San Timoteo Canyon","Riparian",1915,16.0700016021729,"tmean"
"San Timoteo Canyon","Riparian",1916,16.0330009460449,"tmean"
"San Timoteo Canyon","Riparian",1917,16.6110000610352,"tmean"
"San Timoteo Canyon","Riparian",1918,16.701000213623,"tmean"
"San Timoteo Canyon","Riparian",1919,16.2130012512207,"tmean"
"San Timoteo Canyon","Riparian",1920,15.8450012207031,"tmean"
"San Timoteo Canyon","Riparian",1921,16.4640007019043,"tmean"
"San Timoteo Canyon","Riparian",1922,16.0310001373291,"tmean"
"San Timoteo Canyon","Riparian",1923,16.3450012207031,"tmean"
"San Timoteo Canyon","Riparian",1924,16.2840003967285,"tmean"
"San Timoteo Canyon","Riparian",1925,16.4700012207031,"tmean"
"San Timoteo Canyon","Riparian",1926,17.355001449585,"tmean"
"San Timoteo Canyon","Riparian",1927,16.5420017242432,"tmean"
"San Timoteo Canyon","Riparian",1928,16.8540000915527,"tmean"
"San Timoteo Canyon","Riparian",1929,17.3450012207031,"tmean"
"San Timoteo Canyon","Riparian",1930,16.8770008087158,"tmean"
"San Timoteo Canyon","Riparian",1931,17.5470008850098,"tmean"
"San Timoteo Canyon","Riparian",1932,16.5060005187988,"tmean"
"San Timoteo Canyon","Riparian",1933,16.8460006713867,"tmean"
"San Timoteo Canyon","Riparian",1934,18.3370018005371,"tmean"
"San Timoteo Canyon","Riparian",1935,16.8400001525879,"tmean"
"San Timoteo Canyon","Riparian",1936,17.8800010681152,"tmean"
"San Timoteo Canyon","Riparian",1937,17.25,"tmean"
"San Timoteo Canyon","Riparian",1938,17.2410011291504,"tmean"
"San Timoteo Canyon","Riparian",1939,17.3480014801025,"tmean"
"San Timoteo Canyon","Riparian",1940,17.5180015563965,"tmean"
"San Timoteo Canyon","Riparian",1941,16.3439998626709,"tmean"
"San Timoteo Canyon","Riparian",1942,16.7410011291504,"tmean"
"San Timoteo Canyon","Riparian",1943,17.2370014190674,"tmean"
"San Timoteo Canyon","Riparian",1944,15.746000289917,"tmean"
"San Timoteo Canyon","Riparian",1945,16.2590007781982,"tmean"
"San Timoteo Canyon","Riparian",1946,16.8020000457764,"tmean"
"San Timoteo Canyon","Riparian",1947,17.1040000915527,"tmean"
"San Timoteo Canyon","Riparian",1948,15.9550008773804,"tmean"
"San Timoteo Canyon","Riparian",1949,16.1360015869141,"tmean"
"San Timoteo Canyon","Riparian",1950,17.1430015563965,"tmean"
"San Timoteo Canyon","Riparian",1951,16.4250011444092,"tmean"
"San Timoteo Canyon","Riparian",1952,16.2580013275146,"tmean"
"San Timoteo Canyon","Riparian",1953,16.5250015258789,"tmean"
"San Timoteo Canyon","Riparian",1954,16.863000869751,"tmean"
"San Timoteo Canyon","Riparian",1955,16.2040004730225,"tmean"
"San Timoteo Canyon","Riparian",1956,16.7320003509521,"tmean"
"San Timoteo Canyon","Riparian",1957,16.875,"tmean"
"San Timoteo Canyon","Riparian",1958,17.810001373291,"tmean"
"San Timoteo Canyon","Riparian",1959,17.9680004119873,"tmean"
"San Timoteo Canyon","Riparian",1960,17.3860015869141,"tmean"
"San Timoteo Canyon","Riparian",1961,17.3030014038086,"tmean"
"San Timoteo Canyon","Riparian",1962,17.1220016479492,"tmean"
"San Timoteo Canyon","Riparian",1963,16.9990005493164,"tmean"
"San Timoteo Canyon","Riparian",1964,16.5750007629395,"tmean"
"San Timoteo Canyon","Riparian",1965,16.6000003814697,"tmean"
"San Timoteo Canyon","Riparian",1966,17.4370002746582,"tmean"
"San Timoteo Canyon","Riparian",1967,17.1730003356934,"tmean"
"San Timoteo Canyon","Riparian",1968,17.0810012817383,"tmean"
"San Timoteo Canyon","Riparian",1969,16.9549999237061,"tmean"
"San Timoteo Canyon","Riparian",1970,17.2080001831055,"tmean"
"San Timoteo Canyon","Riparian",1971,16.5360012054443,"tmean"
"San Timoteo Canyon","Riparian",1972,17.1740016937256,"tmean"
"San Timoteo Canyon","Riparian",1973,16.3240013122559,"tmean"
"San Timoteo Canyon","Riparian",1974,16.9180011749268,"tmean"
"San Timoteo Canyon","Riparian",1975,16.326000213623,"tmean"
"San Timoteo Canyon","Riparian",1976,17.1480007171631,"tmean"
"San Timoteo Canyon","Riparian",1977,17.4090003967285,"tmean"
"San Timoteo Canyon","Riparian",1978,17.4060001373291,"tmean"
"San Timoteo Canyon","Riparian",1979,17.2250003814697,"tmean"
"San Timoteo Canyon","Riparian",1980,17.8650016784668,"tmean"
"San Timoteo Canyon","Riparian",1981,18.484001159668,"tmean"
"San Timoteo Canyon","Riparian",1982,16.4230003356934,"tmean"
"San Timoteo Canyon","Riparian",1983,17.2750015258789,"tmean"
"San Timoteo Canyon","Riparian",1984,18.3050003051758,"tmean"
"San Timoteo Canyon","Riparian",1985,17.3299999237061,"tmean"
"San Timoteo Canyon","Riparian",1986,18.0860004425049,"tmean"
"San Timoteo Canyon","Riparian",1987,17.5200004577637,"tmean"
"San Timoteo Canyon","Riparian",1988,18.1950016021729,"tmean"
"San Timoteo Canyon","Riparian",1989,18.1450004577637,"tmean"
"San Timoteo Canyon","Riparian",1990,18.121000289917,"tmean"
"San Timoteo Canyon","Riparian",1991,17.8400001525879,"tmean"
"San Timoteo Canyon","Riparian",1992,18.3490009307861,"tmean"
"San Timoteo Canyon","Riparian",1993,17.8770008087158,"tmean"
"San Timoteo Canyon","Riparian",1994,17.5729999542236,"tmean"
"San Timoteo Canyon","Riparian",1995,18.0840015411377,"tmean"
"San Timoteo Canyon","Riparian",1996,18.5740013122559,"tmean"
"San Timoteo Canyon","Riparian",1997,18.476001739502,"tmean"
"San Timoteo Canyon","Riparian",1998,16.9610004425049,"tmean"
"San Timoteo Canyon","Riparian",1999,17.7760009765625,"tmean"
"San Timoteo Canyon","Riparian",2000,18.2100009918213,"tmean"
"San Timoteo Canyon","Riparian",2001,17.6880016326904,"tmean"
"San Timoteo Canyon","Riparian",2002,17.8470001220703,"tmean"
"San Timoteo Canyon","Riparian",2003,18.4570007324219,"tmean"
"San Timoteo Canyon","Riparian",2004,17.9860000610352,"tmean"
"San Timoteo Canyon","Riparian",2005,17.9560012817383,"tmean"
"San Timoteo Canyon","Riparian",2006,18.3570003509521,"tmean"
"San Timoteo Canyon","Riparian",2007,18.3280010223389,"tmean"
"San Timoteo Canyon","Riparian",2008,18.5920009613037,"tmean"
"San Timoteo Canyon","Riparian",2009,18.2490005493164,"tmean"
"San Timoteo Canyon","Riparian",2010,17.4050006866455,"tmean"
"San Timoteo Canyon","Riparian",2011,17.5460014343262,"tmean"
"San Timoteo Canyon","Riparian",2012,18.9260005950928,"tmean"
"San Timoteo Canyon","Riparian",2013,18.3340015411377,"tmean"
"San Timoteo Canyon","Riparian",2014,19.5390014648438,"tmean"
"San Timoteo Canyon","Riparian",2015,18.9680004119873,"tmean"
"San Timoteo Canyon","Riparian",2016,18.8819999694824,"tmean"
"San Timoteo Canyon","Riparian",2017,19.193000793457,"tmean"
"San Timoteo Canyon","Riparian",2018,18.7980003356934,"tmean"
"San Timoteo Canyon","Riparian",2019,17.4270000457764,"tmean"
"San Timoteo Canyon","Riparian",2020,18.6850986480713,"tmean"
"San Timoteo Canyon","Riparian",2021,17.9207992553711,"tmean"
"San Timoteo Canyon","Riparian",2022,18.1066989898682,"tmean"
"San Timoteo Canyon","Riparian",2023,16.4300003051758,"tmean"
"San Timoteo Canyon","Riparian",2024,17.5581207275391,"tmean"
"San Timoteo Canyon","Riparian",2025,17.8409996032715,"tmean"
"Oak Glen Preserve","Forest",1895,13.0860004425049,"tmean"
"Oak Glen Preserve","Forest",1896,13.0510005950928,"tmean"
"Oak Glen Preserve","Forest",1897,12.6420001983643,"tmean"
"Oak Glen Preserve","Forest",1898,13.5500001907349,"tmean"
"Oak Glen Preserve","Forest",1899,11.653000831604,"tmean"
"Oak Glen Preserve","Forest",1900,12.3100004196167,"tmean"
"Oak Glen Preserve","Forest",1901,12.6310005187988,"tmean"
"Oak Glen Preserve","Forest",1902,11.7920007705688,"tmean"
"Oak Glen Preserve","Forest",1903,12.2470006942749,"tmean"
"Oak Glen Preserve","Forest",1904,13.7660007476807,"tmean"
"Oak Glen Preserve","Forest",1905,12.7330007553101,"tmean"
"Oak Glen Preserve","Forest",1906,12.8900003433228,"tmean"
"Oak Glen Preserve","Forest",1907,12.4820003509521,"tmean"
"Oak Glen Preserve","Forest",1908,12.4210004806519,"tmean"
"Oak Glen Preserve","Forest",1909,12.9000005722046,"tmean"
"Oak Glen Preserve","Forest",1910,13.371000289917,"tmean"
"Oak Glen Preserve","Forest",1911,12.1340007781982,"tmean"
"Oak Glen Preserve","Forest",1912,11.8570003509521,"tmean"
"Oak Glen Preserve","Forest",1913,11.367000579834,"tmean"
"Oak Glen Preserve","Forest",1914,12.19700050354,"tmean"
"Oak Glen Preserve","Forest",1915,11.7980003356934,"tmean"
"Oak Glen Preserve","Forest",1916,12.2430009841919,"tmean"
"Oak Glen Preserve","Forest",1917,12.5100002288818,"tmean"
"Oak Glen Preserve","Forest",1918,12.5860004425049,"tmean"
"Oak Glen Preserve","Forest",1919,12.0960006713867,"tmean"
"Oak Glen Preserve","Forest",1920,12.153000831604,"tmean"
"Oak Glen Preserve","Forest",1921,12.0790004730225,"tmean"
"Oak Glen Preserve","Forest",1922,11.5840005874634,"tmean"
"Oak Glen Preserve","Forest",1923,11.5400009155273,"tmean"
"Oak Glen Preserve","Forest",1924,11.8760004043579,"tmean"
"Oak Glen Preserve","Forest",1925,12.081000328064,"tmean"
"Oak Glen Preserve","Forest",1926,13.1240005493164,"tmean"
"Oak Glen Preserve","Forest",1927,11.8660001754761,"tmean"
"Oak Glen Preserve","Forest",1928,12.4220008850098,"tmean"
"Oak Glen Preserve","Forest",1929,12.956000328064,"tmean"
"Oak Glen Preserve","Forest",1930,12.8160009384155,"tmean"
"Oak Glen Preserve","Forest",1931,13.5870008468628,"tmean"
"Oak Glen Preserve","Forest",1932,12.7940006256104,"tmean"
"Oak Glen Preserve","Forest",1933,13.0610008239746,"tmean"
"Oak Glen Preserve","Forest",1934,14.5780010223389,"tmean"
"Oak Glen Preserve","Forest",1935,12.6250009536743,"tmean"
"Oak Glen Preserve","Forest",1936,13.7400007247925,"tmean"
"Oak Glen Preserve","Forest",1937,12.9810009002686,"tmean"
"Oak Glen Preserve","Forest",1938,12.9550008773804,"tmean"
"Oak Glen Preserve","Forest",1939,13.3960008621216,"tmean"
"Oak Glen Preserve","Forest",1940,13.8150005340576,"tmean"
"Oak Glen Preserve","Forest",1941,12.0920009613037,"tmean"
"Oak Glen Preserve","Forest",1942,12.6590003967285,"tmean"
"Oak Glen Preserve","Forest",1943,13.1350002288818,"tmean"
"Oak Glen Preserve","Forest",1944,11.1850004196167,"tmean"
"Oak Glen Preserve","Forest",1945,11.9250001907349,"tmean"
"Oak Glen Preserve","Forest",1946,11.9990005493164,"tmean"
"Oak Glen Preserve","Forest",1947,12.814001083374,"tmean"
"Oak Glen Preserve","Forest",1948,11.9740009307861,"tmean"
"Oak Glen Preserve","Forest",1949,11.9190006256104,"tmean"
"Oak Glen Preserve","Forest",1950,13.2450008392334,"tmean"
"Oak Glen Preserve","Forest",1951,12.4650001525879,"tmean"
"Oak Glen Preserve","Forest",1952,11.988000869751,"tmean"
"Oak Glen Preserve","Forest",1953,13.0250005722046,"tmean"
"Oak Glen Preserve","Forest",1954,13.032000541687,"tmean"
"Oak Glen Preserve","Forest",1955,12.1870002746582,"tmean"
"Oak Glen Preserve","Forest",1956,12.7740001678467,"tmean"
"Oak Glen Preserve","Forest",1957,12.3190002441406,"tmean"
"Oak Glen Preserve","Forest",1958,13.0310010910034,"tmean"
"Oak Glen Preserve","Forest",1959,13.4760007858276,"tmean"
"Oak Glen Preserve","Forest",1960,13.081000328064,"tmean"
"Oak Glen Preserve","Forest",1961,13.064001083374,"tmean"
"Oak Glen Preserve","Forest",1962,12.827000617981,"tmean"
"Oak Glen Preserve","Forest",1963,12.5960006713867,"tmean"
"Oak Glen Preserve","Forest",1964,12.1340007781982,"tmean"
"Oak Glen Preserve","Forest",1965,12.0390005111694,"tmean"
"Oak Glen Preserve","Forest",1966,13.0910005569458,"tmean"
"Oak Glen Preserve","Forest",1967,12.5380010604858,"tmean"
"Oak Glen Preserve","Forest",1968,12.4200010299683,"tmean"
"Oak Glen Preserve","Forest",1969,12.6960010528564,"tmean"
"Oak Glen Preserve","Forest",1970,13.0410003662109,"tmean"
"Oak Glen Preserve","Forest",1971,12.0220003128052,"tmean"
"Oak Glen Preserve","Forest",1972,12.7310009002686,"tmean"
"Oak Glen Preserve","Forest",1973,12.2670001983643,"tmean"
"Oak Glen Preserve","Forest",1974,12.8060007095337,"tmean"
"Oak Glen Preserve","Forest",1975,12.1310005187988,"tmean"
"Oak Glen Preserve","Forest",1976,12.7220010757446,"tmean"
"Oak Glen Preserve","Forest",1977,13.2160005569458,"tmean"
"Oak Glen Preserve","Forest",1978,12.7040004730225,"tmean"
"Oak Glen Preserve","Forest",1979,12.8870010375977,"tmean"
"Oak Glen Preserve","Forest",1980,13.3030004501343,"tmean"
"Oak Glen Preserve","Forest",1981,14.0990009307861,"tmean"
"Oak Glen Preserve","Forest",1982,12.113000869751,"tmean"
"Oak Glen Preserve","Forest",1983,12.6140003204346,"tmean"
"Oak Glen Preserve","Forest",1984,13.492000579834,"tmean"
"Oak Glen Preserve","Forest",1985,12.7900009155273,"tmean"
"Oak Glen Preserve","Forest",1986,13.3990001678467,"tmean"
"Oak Glen Preserve","Forest",1987,12.5260009765625,"tmean"
"Oak Glen Preserve","Forest",1988,13.3200006484985,"tmean"
"Oak Glen Preserve","Forest",1989,13.4550008773804,"tmean"
"Oak Glen Preserve","Forest",1990,12.9870004653931,"tmean"
"Oak Glen Preserve","Forest",1991,12.8290004730225,"tmean"
"Oak Glen Preserve","Forest",1992,13.2670001983643,"tmean"
"Oak Glen Preserve","Forest",1993,12.8860006332397,"tmean"
"Oak Glen Preserve","Forest",1994,13.0780010223389,"tmean"
"Oak Glen Preserve","Forest",1995,13.7260007858276,"tmean"
"Oak Glen Preserve","Forest",1996,14.4120006561279,"tmean"
"Oak Glen Preserve","Forest",1997,13.9270009994507,"tmean"
"Oak Glen Preserve","Forest",1998,12.41100025177,"tmean"
"Oak Glen Preserve","Forest",1999,13.8010005950928,"tmean"
"Oak Glen Preserve","Forest",2000,14.2920007705688,"tmean"
"Oak Glen Preserve","Forest",2001,14.0080003738403,"tmean"
"Oak Glen Preserve","Forest",2002,14.077000617981,"tmean"
"Oak Glen Preserve","Forest",2003,14.4580011367798,"tmean"
"Oak Glen Preserve","Forest",2004,13.9190006256104,"tmean"
"Oak Glen Preserve","Forest",2005,13.7670001983643,"tmean"
"Oak Glen Preserve","Forest",2006,14.1410007476807,"tmean"
"Oak Glen Preserve","Forest",2007,14.3870010375977,"tmean"
"Oak Glen Preserve","Forest",2008,14.3770008087158,"tmean"
"Oak Glen Preserve","Forest",2009,14.1240005493164,"tmean"
"Oak Glen Preserve","Forest",2010,13.4410009384155,"tmean"
"Oak Glen Preserve","Forest",2011,13.4570007324219,"tmean"
"Oak Glen Preserve","Forest",2012,14.8130006790161,"tmean"
"Oak Glen Preserve","Forest",2013,14.492000579834,"tmean"
"Oak Glen Preserve","Forest",2014,15.7550010681152,"tmean"
"Oak Glen Preserve","Forest",2015,14.7910003662109,"tmean"
"Oak Glen Preserve","Forest",2016,14.7720003128052,"tmean"
"Oak Glen Preserve","Forest",2017,15.1000003814697,"tmean"
"Oak Glen Preserve","Forest",2018,14.9010009765625,"tmean"
"Oak Glen Preserve","Forest",2019,13.4410009384155,"tmean"
"Oak Glen Preserve","Forest",2020,15.0425996780396,"tmean"
"Oak Glen Preserve","Forest",2021,14.4133996963501,"tmean"
"Oak Glen Preserve","Forest",2022,14.2374000549316,"tmean"
"Oak Glen Preserve","Forest",2023,12.5900001525879,"tmean"
"Oak Glen Preserve","Forest",2024,14.1892786026001,"tmean"
"Oak Glen Preserve","Forest",2025,14.4409999847412,"tmean"
"Boruchin Preserve","Dune",1895,17.0310001373291,"tmean"
"Boruchin Preserve","Dune",1896,17.3810005187988,"tmean"
"Boruchin Preserve","Dune",1897,16.4060001373291,"tmean"
"Boruchin Preserve","Dune",1898,17.1770000457764,"tmean"
"Boruchin Preserve","Dune",1899,17.2910003662109,"tmean"
"Boruchin Preserve","Dune",1900,17.4910011291504,"tmean"
"Boruchin Preserve","Dune",1901,17.3380012512207,"tmean"
"Boruchin Preserve","Dune",1902,16.3120002746582,"tmean"
"Boruchin Preserve","Dune",1903,16.7970008850098,"tmean"
"Boruchin Preserve","Dune",1904,17.617000579834,"tmean"
"Boruchin Preserve","Dune",1905,16.8530006408691,"tmean"
"Boruchin Preserve","Dune",1906,17.0180015563965,"tmean"
"Boruchin Preserve","Dune",1907,17.0160007476807,"tmean"
"Boruchin Preserve","Dune",1908,16.8080005645752,"tmean"
"Boruchin Preserve","Dune",1909,16.7370014190674,"tmean"
"Boruchin Preserve","Dune",1910,17.8500003814697,"tmean"
"Boruchin Preserve","Dune",1911,16.8959999084473,"tmean"
"Boruchin Preserve","Dune",1912,16.8200016021729,"tmean"
"Boruchin Preserve","Dune",1913,17.2510013580322,"tmean"
"Boruchin Preserve","Dune",1914,17.7760009765625,"tmean"
"Boruchin Preserve","Dune",1915,17.32200050354,"tmean"
"Boruchin Preserve","Dune",1916,16.7630004882812,"tmean"
"Boruchin Preserve","Dune",1917,17.6270008087158,"tmean"
"Boruchin Preserve","Dune",1918,17.6020011901855,"tmean"
"Boruchin Preserve","Dune",1919,17.0880012512207,"tmean"
"Boruchin Preserve","Dune",1920,16.8900012969971,"tmean"
"Boruchin Preserve","Dune",1921,17.5570011138916,"tmean"
"Boruchin Preserve","Dune",1922,17.2350006103516,"tmean"
"Boruchin Preserve","Dune",1923,17.4600009918213,"tmean"
"Boruchin Preserve","Dune",1924,17.6380004882812,"tmean"
"Boruchin Preserve","Dune",1925,17.7540016174316,"tmean"
"Boruchin Preserve","Dune",1926,18.4479999542236,"tmean"
"Boruchin Preserve","Dune",1927,17.4619998931885,"tmean"
"Boruchin Preserve","Dune",1928,17.5790004730225,"tmean"
"Boruchin Preserve","Dune",1929,17.5980014801025,"tmean"
"Boruchin Preserve","Dune",1930,17.3600006103516,"tmean"
"Boruchin Preserve","Dune",1931,17.9640007019043,"tmean"
"Boruchin Preserve","Dune",1932,16.6710014343262,"tmean"
"Boruchin Preserve","Dune",1933,16.7600002288818,"tmean"
"Boruchin Preserve","Dune",1934,18.2520008087158,"tmean"
"Boruchin Preserve","Dune",1935,16.875,"tmean"
"Boruchin Preserve","Dune",1936,18.1760005950928,"tmean"
"Boruchin Preserve","Dune",1937,17.4820003509521,"tmean"
"Boruchin Preserve","Dune",1938,17.7310009002686,"tmean"
"Boruchin Preserve","Dune",1939,18.0440006256104,"tmean"
"Boruchin Preserve","Dune",1940,18.2100009918213,"tmean"
"Boruchin Preserve","Dune",1941,17.2440013885498,"tmean"
"Boruchin Preserve","Dune",1942,17.451000213623,"tmean"
"Boruchin Preserve","Dune",1943,17.8910007476807,"tmean"
"Boruchin Preserve","Dune",1944,16.6160011291504,"tmean"
"Boruchin Preserve","Dune",1945,17.0380001068115,"tmean"
"Boruchin Preserve","Dune",1946,17.4180011749268,"tmean"
"Boruchin Preserve","Dune",1947,17.6870002746582,"tmean"
"Boruchin Preserve","Dune",1948,16.3819999694824,"tmean"
"Boruchin Preserve","Dune",1949,16.5510005950928,"tmean"
"Boruchin Preserve","Dune",1950,17.1840000152588,"tmean"
"Boruchin Preserve","Dune",1951,16.951000213623,"tmean"
"Boruchin Preserve","Dune",1952,16.8870010375977,"tmean"
"Boruchin Preserve","Dune",1953,17.0799999237061,"tmean"
"Boruchin Preserve","Dune",1954,17.5440006256104,"tmean"
"Boruchin Preserve","Dune",1955,17.2790012359619,"tmean"
"Boruchin Preserve","Dune",1956,17.6800003051758,"tmean"
"Boruchin Preserve","Dune",1957,17.875,"tmean"
"Boruchin Preserve","Dune",1958,18.6070003509521,"tmean"
"Boruchin Preserve","Dune",1959,18.8650016784668,"tmean"
"Boruchin Preserve","Dune",1960,18.2080001831055,"tmean"
"Boruchin Preserve","Dune",1961,18.1040000915527,"tmean"
"Boruchin Preserve","Dune",1962,17.4790000915527,"tmean"
"Boruchin Preserve","Dune",1963,17.7510013580322,"tmean"
"Boruchin Preserve","Dune",1964,17.2190017700195,"tmean"
"Boruchin Preserve","Dune",1965,17.363000869751,"tmean"
"Boruchin Preserve","Dune",1966,18.1070003509521,"tmean"
"Boruchin Preserve","Dune",1967,18.2960014343262,"tmean"
"Boruchin Preserve","Dune",1968,18.1480007171631,"tmean"
"Boruchin Preserve","Dune",1969,17.7030010223389,"tmean"
"Boruchin Preserve","Dune",1970,17.8970012664795,"tmean"
"Boruchin Preserve","Dune",1971,17.5860004425049,"tmean"
"Boruchin Preserve","Dune",1972,18.0810012817383,"tmean"
"Boruchin Preserve","Dune",1973,17.326000213623,"tmean"
"Boruchin Preserve","Dune",1974,17.9530010223389,"tmean"
"Boruchin Preserve","Dune",1975,17.3229999542236,"tmean"
"Boruchin Preserve","Dune",1976,18.2990016937256,"tmean"
"Boruchin Preserve","Dune",1977,18.3960018157959,"tmean"
"Boruchin Preserve","Dune",1978,18.2430000305176,"tmean"
"Boruchin Preserve","Dune",1979,18.1600017547607,"tmean"
"Boruchin Preserve","Dune",1980,18.6230010986328,"tmean"
"Boruchin Preserve","Dune",1981,19.0790004730225,"tmean"
"Boruchin Preserve","Dune",1982,17.1920013427734,"tmean"
"Boruchin Preserve","Dune",1983,18.2610015869141,"tmean"
"Boruchin Preserve","Dune",1984,19.2490005493164,"tmean"
"Boruchin Preserve","Dune",1985,18.2410011291504,"tmean"
"Boruchin Preserve","Dune",1986,18.726001739502,"tmean"
"Boruchin Preserve","Dune",1987,18.189001083374,"tmean"
"Boruchin Preserve","Dune",1988,18.6760005950928,"tmean"
"Boruchin Preserve","Dune",1989,18.5820007324219,"tmean"
"Boruchin Preserve","Dune",1990,18.7920017242432,"tmean"
"Boruchin Preserve","Dune",1991,18.3810005187988,"tmean"
"Boruchin Preserve","Dune",1992,18.9830017089844,"tmean"
"Boruchin Preserve","Dune",1993,18.6389999389648,"tmean"
"Boruchin Preserve","Dune",1994,18.3120002746582,"tmean"
"Boruchin Preserve","Dune",1995,18.8800010681152,"tmean"
"Boruchin Preserve","Dune",1996,19.189001083374,"tmean"
"Boruchin Preserve","Dune",1997,19.3310012817383,"tmean"
"Boruchin Preserve","Dune",1998,18.0090007781982,"tmean"
"Boruchin Preserve","Dune",1999,18.1240005493164,"tmean"
"Boruchin Preserve","Dune",2000,18.8190002441406,"tmean"
"Boruchin Preserve","Dune",2001,18.1900005340576,"tmean"
"Boruchin Preserve","Dune",2002,18.3090000152588,"tmean"
"Boruchin Preserve","Dune",2003,19.0210018157959,"tmean"
"Boruchin Preserve","Dune",2004,18.5930004119873,"tmean"
"Boruchin Preserve","Dune",2005,18.5650005340576,"tmean"
"Boruchin Preserve","Dune",2006,18.7580013275146,"tmean"
"Boruchin Preserve","Dune",2007,18.6080017089844,"tmean"
"Boruchin Preserve","Dune",2008,19.0690002441406,"tmean"
"Boruchin Preserve","Dune",2009,18.9150009155273,"tmean"
"Boruchin Preserve","Dune",2010,18.0470008850098,"tmean"
"Boruchin Preserve","Dune",2011,18.1190013885498,"tmean"
"Boruchin Preserve","Dune",2012,19.3500003814697,"tmean"
"Boruchin Preserve","Dune",2013,18.8860015869141,"tmean"
"Boruchin Preserve","Dune",2014,20.1500015258789,"tmean"
"Boruchin Preserve","Dune",2015,19.8870010375977,"tmean"
"Boruchin Preserve","Dune",2016,19.7450008392334,"tmean"
"Boruchin Preserve","Dune",2017,19.9260005950928,"tmean"
"Boruchin Preserve","Dune",2018,19.5370006561279,"tmean"
"Boruchin Preserve","Dune",2019,18.4060001373291,"tmean"
"Boruchin Preserve","Dune",2020,19.7544002532959,"tmean"
"Boruchin Preserve","Dune",2021,19.164098739624,"tmean"
"Boruchin Preserve","Dune",2022,19.8496990203857,"tmean"
"Boruchin Preserve","Dune",2023,18.1770000457764,"tmean"
"Boruchin Preserve","Dune",2024,19.0488910675049,"tmean"
"Boruchin Preserve","Dune",2025,19.4740009307861,"tmean"
"University of Redlands","Urban",1895,16.4240016937256,"tmean"
"University of Redlands","Urban",1896,17.0900001525879,"tmean"
"University of Redlands","Urban",1897,16.1909999847412,"tmean"
"University of Redlands","Urban",1898,17.2880001068115,"tmean"
"University of Redlands","Urban",1899,17.3410015106201,"tmean"
"University of Redlands","Urban",1900,17.4890003204346,"tmean"
"University of Redlands","Urban",1901,17.4460010528564,"tmean"
"University of Redlands","Urban",1902,16.6860008239746,"tmean"
"University of Redlands","Urban",1903,17.1340007781982,"tmean"
"University of Redlands","Urban",1904,18.0810012817383,"tmean"
"University of Redlands","Urban",1905,17.1450004577637,"tmean"
"University of Redlands","Urban",1906,17.3500003814697,"tmean"
"University of Redlands","Urban",1907,16.8130016326904,"tmean"
"University of Redlands","Urban",1908,16.8660011291504,"tmean"
"University of Redlands","Urban",1909,16.6330013275146,"tmean"
"University of Redlands","Urban",1910,17.82200050354,"tmean"
"University of Redlands","Urban",1911,16.5950012207031,"tmean"
"University of Redlands","Urban",1912,16.5010013580322,"tmean"
"University of Redlands","Urban",1913,16.6389999389648,"tmean"
"University of Redlands","Urban",1914,17.1300010681152,"tmean"
"University of Redlands","Urban",1915,16.6909999847412,"tmean"
"University of Redlands","Urban",1916,16.5110015869141,"tmean"
"University of Redlands","Urban",1917,17.1120014190674,"tmean"
"University of Redlands","Urban",1918,17.2230014801025,"tmean"
"University of Redlands","Urban",1919,16.7020015716553,"tmean"
"University of Redlands","Urban",1920,16.2720012664795,"tmean"
"University of Redlands","Urban",1921,16.8560009002686,"tmean"
"University of Redlands","Urban",1922,16.4340000152588,"tmean"
"University of Redlands","Urban",1923,16.8210010528564,"tmean"
"University of Redlands","Urban",1924,16.818000793457,"tmean"
"University of Redlands","Urban",1925,17.0380001068115,"tmean"
"University of Redlands","Urban",1926,17.8640003204346,"tmean"
"University of Redlands","Urban",1927,17.1340007781982,"tmean"
"University of Redlands","Urban",1928,17.3900012969971,"tmean"
"University of Redlands","Urban",1929,17.8150005340576,"tmean"
"University of Redlands","Urban",1930,17.2020015716553,"tmean"
"University of Redlands","Urban",1931,17.9380016326904,"tmean"
"University of Redlands","Urban",1932,16.5790004730225,"tmean"
"University of Redlands","Urban",1933,16.863000869751,"tmean"
"University of Redlands","Urban",1934,18.3050003051758,"tmean"
"University of Redlands","Urban",1935,16.8840007781982,"tmean"
"University of Redlands","Urban",1936,17.9820003509521,"tmean"
"University of Redlands","Urban",1937,17.3560009002686,"tmean"
"University of Redlands","Urban",1938,17.435001373291,"tmean"
"University of Redlands","Urban",1939,17.5710010528564,"tmean"
"University of Redlands","Urban",1940,17.6820011138916,"tmean"
"University of Redlands","Urban",1941,16.8030014038086,"tmean"
"University of Redlands","Urban",1942,17.1650009155273,"tmean"
"University of Redlands","Urban",1943,17.6160011291504,"tmean"
"University of Redlands","Urban",1944,16.2320003509521,"tmean"
"University of Redlands","Urban",1945,16.6690006256104,"tmean"
"University of Redlands","Urban",1946,17.1410007476807,"tmean"
"University of Redlands","Urban",1947,17.3940010070801,"tmean"
"University of Redlands","Urban",1948,16.0550003051758,"tmean"
"University of Redlands","Urban",1949,16.4090003967285,"tmean"
"University of Redlands","Urban",1950,17.2870006561279,"tmean"
"University of Redlands","Urban",1951,16.7390003204346,"tmean"
"University of Redlands","Urban",1952,16.6020011901855,"tmean"
"University of Redlands","Urban",1953,16.7250003814697,"tmean"
"University of Redlands","Urban",1954,17.0500011444092,"tmean"
"University of Redlands","Urban",1955,16.7779998779297,"tmean"
"University of Redlands","Urban",1956,17.1610012054443,"tmean"
"University of Redlands","Urban",1957,17.4130001068115,"tmean"
"University of Redlands","Urban",1958,18.234001159668,"tmean"
"University of Redlands","Urban",1959,18.5800018310547,"tmean"
"University of Redlands","Urban",1960,17.9690017700195,"tmean"
"University of Redlands","Urban",1961,17.871000289917,"tmean"
"University of Redlands","Urban",1962,17.3950004577637,"tmean"
"University of Redlands","Urban",1963,17.480001449585,"tmean"
"University of Redlands","Urban",1964,16.8030014038086,"tmean"
"University of Redlands","Urban",1965,17.0080013275146,"tmean"
"University of Redlands","Urban",1966,17.7410011291504,"tmean"
"University of Redlands","Urban",1967,17.5520000457764,"tmean"
"University of Redlands","Urban",1968,17.6600017547607,"tmean"
"University of Redlands","Urban",1969,17.3470001220703,"tmean"
"University of Redlands","Urban",1970,17.484001159668,"tmean"
"University of Redlands","Urban",1971,17.0510005950928,"tmean"
"University of Redlands","Urban",1972,17.6120014190674,"tmean"
"University of Redlands","Urban",1973,16.6620006561279,"tmean"
"University of Redlands","Urban",1974,17.2760009765625,"tmean"
"University of Redlands","Urban",1975,16.6830005645752,"tmean"
"University of Redlands","Urban",1976,17.5100002288818,"tmean"
"University of Redlands","Urban",1977,17.8240013122559,"tmean"
"University of Redlands","Urban",1978,17.875,"tmean"
"University of Redlands","Urban",1979,17.6990013122559,"tmean"
"University of Redlands","Urban",1980,18.1000003814697,"tmean"
"University of Redlands","Urban",1981,18.7450008392334,"tmean"
"University of Redlands","Urban",1982,16.6440010070801,"tmean"
"University of Redlands","Urban",1983,17.6610012054443,"tmean"
"University of Redlands","Urban",1984,18.9070014953613,"tmean"
"University of Redlands","Urban",1985,17.9320011138916,"tmean"
"University of Redlands","Urban",1986,18.6780014038086,"tmean"
"University of Redlands","Urban",1987,17.9950008392334,"tmean"
"University of Redlands","Urban",1988,18.6700000762939,"tmean"
"University of Redlands","Urban",1989,18.3080005645752,"tmean"
"University of Redlands","Urban",1990,18.4950008392334,"tmean"
"University of Redlands","Urban",1991,18.0910015106201,"tmean"
"University of Redlands","Urban",1992,18.730001449585,"tmean"
"University of Redlands","Urban",1993,18.3240013122559,"tmean"
"University of Redlands","Urban",1994,17.9110012054443,"tmean"
"University of Redlands","Urban",1995,18.44700050354,"tmean"
"University of Redlands","Urban",1996,18.935001373291,"tmean"
"University of Redlands","Urban",1997,18.9460010528564,"tmean"
"University of Redlands","Urban",1998,17.4520015716553,"tmean"
"University of Redlands","Urban",1999,17.9520015716553,"tmean"
"University of Redlands","Urban",2000,18.5690002441406,"tmean"
"University of Redlands","Urban",2001,18.0490016937256,"tmean"
"University of Redlands","Urban",2002,18.4090003967285,"tmean"
"University of Redlands","Urban",2003,18.9200000762939,"tmean"
"University of Redlands","Urban",2004,18.4120006561279,"tmean"
"University of Redlands","Urban",2005,18.2960014343262,"tmean"
"University of Redlands","Urban",2006,18.4870014190674,"tmean"
"University of Redlands","Urban",2007,18.5729999542236,"tmean"
"University of Redlands","Urban",2008,18.8400001525879,"tmean"
"University of Redlands","Urban",2009,18.4340000152588,"tmean"
"University of Redlands","Urban",2010,17.6160011291504,"tmean"
"University of Redlands","Urban",2011,17.9630012512207,"tmean"
"University of Redlands","Urban",2012,19.363000869751,"tmean"
"University of Redlands","Urban",2013,18.5060005187988,"tmean"
"University of Redlands","Urban",2014,19.7170009613037,"tmean"
"University of Redlands","Urban",2015,19.3770008087158,"tmean"
"University of Redlands","Urban",2016,19.4720001220703,"tmean"
"University of Redlands","Urban",2017,20.1510009765625,"tmean"
"University of Redlands","Urban",2018,19.238000869751,"tmean"
"University of Redlands","Urban",2019,18.0390014648438,"tmean"
"University of Redlands","Urban",2020,19.3892993927002,"tmean"
"University of Redlands","Urban",2021,18.7992992401123,"tmean"
"University of Redlands","Urban",2022,19.3397998809814,"tmean"
"University of Redlands","Urban",2023,17.7430000305176,"tmean"
"University of Redlands","Urban",2024,18.7321128845215,"tmean"
"University of Redlands","Urban",2025,19.1299991607666,"tmean"
"Angelus Oaks","Forest",1895,513.764038085938,"ppt"
"Angelus Oaks","Forest",1896,513.408996582031,"ppt"
"Angelus Oaks","Forest",1897,548.418029785156,"ppt"
"Angelus Oaks","Forest",1898,262.864013671875,"ppt"
"Angelus Oaks","Forest",1899,421.31103515625,"ppt"
"Angelus Oaks","Forest",1900,398.81201171875,"ppt"
"Angelus Oaks","Forest",1901,511.504028320312,"ppt"
"Angelus Oaks","Forest",1902,484.150024414062,"ppt"
"Angelus Oaks","Forest",1903,460.015014648438,"ppt"
"Angelus Oaks","Forest",1904,445.842010498047,"ppt"
"Angelus Oaks","Forest",1905,822.77001953125,"ppt"
"Angelus Oaks","Forest",1906,1096.29504394531,"ppt"
"Angelus Oaks","Forest",1907,782.20703125,"ppt"
"Angelus Oaks","Forest",1908,668.443054199219,"ppt"
"Angelus Oaks","Forest",1909,1133.0791015625,"ppt"
"Angelus Oaks","Forest",1910,316.019012451172,"ppt"
"Angelus Oaks","Forest",1911,723.253051757812,"ppt"
"Angelus Oaks","Forest",1912,504.468017578125,"ppt"
"Angelus Oaks","Forest",1913,571.884033203125,"ppt"
"Angelus Oaks","Forest",1914,1029.80407714844,"ppt"
"Angelus Oaks","Forest",1915,802.47802734375,"ppt"
"Angelus Oaks","Forest",1916,1011.8720703125,"ppt"
"Angelus Oaks","Forest",1917,409.012023925781,"ppt"
"Angelus Oaks","Forest",1918,849.993041992188,"ppt"
"Angelus Oaks","Forest",1919,466.5830078125,"ppt"
"Angelus Oaks","Forest",1920,707.43603515625,"ppt"
"Angelus Oaks","Forest",1921,1232.65405273438,"ppt"
"Angelus Oaks","Forest",1922,844.901062011719,"ppt"
"Angelus Oaks","Forest",1923,455.195007324219,"ppt"
"Angelus Oaks","Forest",1924,559.411010742188,"ppt"
"Angelus Oaks","Forest",1925,504.560028076172,"ppt"
"Angelus Oaks","Forest",1926,898.947021484375,"ppt"
"Angelus Oaks","Forest",1927,818.429016113281,"ppt"
"Angelus Oaks","Forest",1928,392.255004882812,"ppt"
"Angelus Oaks","Forest",1929,417.494018554688,"ppt"
"Angelus Oaks","Forest",1930,700.813049316406,"ppt"
"Angelus Oaks","Forest",1931,856.166015625,"ppt"
"Angelus Oaks","Forest",1932,647.476013183594,"ppt"
"Angelus Oaks","Forest",1933,530.830017089844,"ppt"
"Angelus Oaks","Forest",1934,505.060028076172,"ppt"
"Angelus Oaks","Forest",1935,600.0810546875,"ppt"
"Angelus Oaks","Forest",1936,979.536071777344,"ppt"
"Angelus Oaks","Forest",1937,772.002014160156,"ppt"
"Angelus Oaks","Forest",1938,1265.92504882812,"ppt"
"Angelus Oaks","Forest",1939,690.997009277344,"ppt"
"Angelus Oaks","Forest",1940,788.201049804688,"ppt"
"Angelus Oaks","Forest",1941,932.153015136719,"ppt"
"Angelus Oaks","Forest",1942,290.194000244141,"ppt"
"Angelus Oaks","Forest",1943,963.668029785156,"ppt"
"Angelus Oaks","Forest",1944,717.486022949219,"ppt"
"Angelus Oaks","Forest",1945,847.420043945312,"ppt"
"Angelus Oaks","Forest",1946,895.783020019531,"ppt"
"Angelus Oaks","Forest",1947,223.493011474609,"ppt"
"Angelus Oaks","Forest",1948,419.740020751953,"ppt"
"Angelus Oaks","Forest",1949,590.946044921875,"ppt"
"Angelus Oaks","Forest",1950,345.390014648438,"ppt"
"Angelus Oaks","Forest",1951,694.60205078125,"ppt"
"Angelus Oaks","Forest",1952,826.551025390625,"ppt"
"Angelus Oaks","Forest",1953,240.174011230469,"ppt"
"Angelus Oaks","Forest",1954,695.554016113281,"ppt"
"Angelus Oaks","Forest",1955,437.915008544922,"ppt"
"Angelus Oaks","Forest",1956,359.159027099609,"ppt"
"Angelus Oaks","Forest",1957,642.507019042969,"ppt"
"Angelus Oaks","Forest",1958,804.799011230469,"ppt"
"Angelus Oaks","Forest",1959,334.713012695312,"ppt"
"Angelus Oaks","Forest",1960,416.214019775391,"ppt"
"Angelus Oaks","Forest",1961,276.007019042969,"ppt"
"Angelus Oaks","Forest",1962,482.273010253906,"ppt"
"Angelus Oaks","Forest",1963,592.931030273438,"ppt"
"Angelus Oaks","Forest",1964,464.620025634766,"ppt"
"Angelus Oaks","Forest",1965,1089.19299316406,"ppt"
"Angelus Oaks","Forest",1966,698.797058105469,"ppt"
"Angelus Oaks","Forest",1967,714.033020019531,"ppt"
"Angelus Oaks","Forest",1968,327.267028808594,"ppt"
"Angelus Oaks","Forest",1969,1328.623046875,"ppt"
"Angelus Oaks","Forest",1970,550.480041503906,"ppt"
"Angelus Oaks","Forest",1971,486.396026611328,"ppt"
"Angelus Oaks","Forest",1972,250.043014526367,"ppt"
"Angelus Oaks","Forest",1973,608.47705078125,"ppt"
"Angelus Oaks","Forest",1974,551.31103515625,"ppt"
"Angelus Oaks","Forest",1975,420.951019287109,"ppt"
"Angelus Oaks","Forest",1976,717.640014648438,"ppt"
"Angelus Oaks","Forest",1977,597.679016113281,"ppt"
"Angelus Oaks","Forest",1978,1282.02807617188,"ppt"
"Angelus Oaks","Forest",1979,605.496032714844,"ppt"
"Angelus Oaks","Forest",1980,1090.22106933594,"ppt"
"Angelus Oaks","Forest",1981,379.685028076172,"ppt"
"Angelus Oaks","Forest",1982,1118.15905761719,"ppt"
"Angelus Oaks","Forest",1983,1145.47802734375,"ppt"
"Angelus Oaks","Forest",1984,509.863037109375,"ppt"
"Angelus Oaks","Forest",1985,544.217041015625,"ppt"
"Angelus Oaks","Forest",1986,637.236022949219,"ppt"
"Angelus Oaks","Forest",1987,589.703002929688,"ppt"
"Angelus Oaks","Forest",1988,430.172027587891,"ppt"
"Angelus Oaks","Forest",1989,319.883026123047,"ppt"
"Angelus Oaks","Forest",1990,406.971008300781,"ppt"
"Angelus Oaks","Forest",1991,737.112060546875,"ppt"
"Angelus Oaks","Forest",1992,843.652038574219,"ppt"
"Angelus Oaks","Forest",1993,1265.01403808594,"ppt"
"Angelus Oaks","Forest",1994,515.7060546875,"ppt"
"Angelus Oaks","Forest",1995,1127.67102050781,"ppt"
"Angelus Oaks","Forest",1996,713.490051269531,"ppt"
"Angelus Oaks","Forest",1997,486.492034912109,"ppt"
"Angelus Oaks","Forest",1998,935.620056152344,"ppt"
"Angelus Oaks","Forest",1999,241.360015869141,"ppt"
"Angelus Oaks","Forest",2000,422.787017822266,"ppt"
"Angelus Oaks","Forest",2001,361.759002685547,"ppt"
"Angelus Oaks","Forest",2002,302.009002685547,"ppt"
"Angelus Oaks","Forest",2003,498.676025390625,"ppt"
"Angelus Oaks","Forest",2004,569.10205078125,"ppt"
"Angelus Oaks","Forest",2005,874.675048828125,"ppt"
"Angelus Oaks","Forest",2006,552.231018066406,"ppt"
"Angelus Oaks","Forest",2007,291.601013183594,"ppt"
"Angelus Oaks","Forest",2008,647.885009765625,"ppt"
"Angelus Oaks","Forest",2009,354.814025878906,"ppt"
"Angelus Oaks","Forest",2010,1195.82800292969,"ppt"
"Angelus Oaks","Forest",2011,427.564025878906,"ppt"
"Angelus Oaks","Forest",2012,326.797302246094,"ppt"
"Angelus Oaks","Forest",2013,224.516006469727,"ppt"
"Angelus Oaks","Forest",2014,469.64501953125,"ppt"
"Angelus Oaks","Forest",2015,298.840026855469,"ppt"
"Angelus Oaks","Forest",2016,490.85302734375,"ppt"
"Angelus Oaks","Forest",2017,397.788024902344,"ppt"
"Angelus Oaks","Forest",2018,454.569030761719,"ppt"
"Angelus Oaks","Forest",2019,904.505065917969,"ppt"
"Angelus Oaks","Forest",2020,416.413879394531,"ppt"
"Angelus Oaks","Forest",2021,484.004699707031,"ppt"
"Angelus Oaks","Forest",2022,293.290679931641,"ppt"
"Angelus Oaks","Forest",2023,791.203002929688,"ppt"
"Angelus Oaks","Forest",2024,523.283203125,"ppt"
"Angelus Oaks","Forest",2025,559.947998046875,"ppt"
"Forest Falls","Forest",1895,842.933044433594,"ppt"
"Forest Falls","Forest",1896,1026.13000488281,"ppt"
"Forest Falls","Forest",1897,768.432006835938,"ppt"
"Forest Falls","Forest",1898,340.89501953125,"ppt"
"Forest Falls","Forest",1899,867.303039550781,"ppt"
"Forest Falls","Forest",1900,672.542053222656,"ppt"
"Forest Falls","Forest",1901,911.183044433594,"ppt"
"Forest Falls","Forest",1902,786.950012207031,"ppt"
"Forest Falls","Forest",1903,669.996032714844,"ppt"
"Forest Falls","Forest",1904,712.077026367188,"ppt"
"Forest Falls","Forest",1905,1208.2490234375,"ppt"
"Forest Falls","Forest",1906,1645.39111328125,"ppt"
"Forest Falls","Forest",1907,1399.58911132812,"ppt"
"Forest Falls","Forest",1908,1042.17004394531,"ppt"
"Forest Falls","Forest",1909,1744.50012207031,"ppt"
"Forest Falls","Forest",1910,477.956024169922,"ppt"
"Forest Falls","Forest",1911,1280.38208007812,"ppt"
"Forest Falls","Forest",1912,895.817016601562,"ppt"
"Forest Falls","Forest",1913,916.538024902344,"ppt"
"Forest Falls","Forest",1914,1575.22106933594,"ppt"
"Forest Falls","Forest",1915,1227.78405761719,"ppt"
"Forest Falls","Forest",1916,1609.61413574219,"ppt"
"Forest Falls","Forest",1917,650.866027832031,"ppt"
"Forest Falls","Forest",1918,1090.50500488281,"ppt"
"Forest Falls","Forest",1919,667.453002929688,"ppt"
"Forest Falls","Forest",1920,919.735046386719,"ppt"
"Forest Falls","Forest",1921,1537.14306640625,"ppt"
"Forest Falls","Forest",1922,1154.20202636719,"ppt"
"Forest Falls","Forest",1923,634.876037597656,"ppt"
"Forest Falls","Forest",1924,888.678039550781,"ppt"
"Forest Falls","Forest",1925,744.111022949219,"ppt"
"Forest Falls","Forest",1926,1410.59509277344,"ppt"
"Forest Falls","Forest",1927,1223.62609863281,"ppt"
"Forest Falls","Forest",1928,619.598022460938,"ppt"
"Forest Falls","Forest",1929,863.059020996094,"ppt"
"Forest Falls","Forest",1930,1231.41101074219,"ppt"
"Forest Falls","Forest",1931,1405.93200683594,"ppt"
"Forest Falls","Forest",1932,905.845031738281,"ppt"
"Forest Falls","Forest",1933,907.545043945312,"ppt"
"Forest Falls","Forest",1934,863.198059082031,"ppt"
"Forest Falls","Forest",1935,874.423034667969,"ppt"
"Forest Falls","Forest",1936,1425.26110839844,"ppt"
"Forest Falls","Forest",1937,1192.30004882812,"ppt"
"Forest Falls","Forest",1938,1686.04711914062,"ppt"
"Forest Falls","Forest",1939,789.387023925781,"ppt"
"Forest Falls","Forest",1940,1255.17602539062,"ppt"
"Forest Falls","Forest",1941,1487.00305175781,"ppt"
"Forest Falls","Forest",1942,434.397033691406,"ppt"
"Forest Falls","Forest",1943,1545.44104003906,"ppt"
"Forest Falls","Forest",1944,1085.22607421875,"ppt"
"Forest Falls","Forest",1945,1215.56201171875,"ppt"
"Forest Falls","Forest",1946,1354.09912109375,"ppt"
"Forest Falls","Forest",1947,378.231018066406,"ppt"
"Forest Falls","Forest",1948,684.424011230469,"ppt"
"Forest Falls","Forest",1949,982.657043457031,"ppt"
"Forest Falls","Forest",1950,507.018035888672,"ppt"
"Forest Falls","Forest",1951,1014.75903320312,"ppt"
"Forest Falls","Forest",1952,1183.32006835938,"ppt"
"Forest Falls","Forest",1953,305.818023681641,"ppt"
"Forest Falls","Forest",1954,1028.01110839844,"ppt"
"Forest Falls","Forest",1955,592.868041992188,"ppt"
"Forest Falls","Forest",1956,527.578002929688,"ppt"
"Forest Falls","Forest",1957,1087.81103515625,"ppt"
"Forest Falls","Forest",1958,1288.91711425781,"ppt"
"Forest Falls","Forest",1959,602.316040039062,"ppt"
"Forest Falls","Forest",1960,706.515014648438,"ppt"
"Forest Falls","Forest",1961,387.803009033203,"ppt"
"Forest Falls","Forest",1962,690.038024902344,"ppt"
"Forest Falls","Forest",1963,776.724060058594,"ppt"
"Forest Falls","Forest",1964,757.996032714844,"ppt"
"Forest Falls","Forest",1965,1627.31701660156,"ppt"
"Forest Falls","Forest",1966,1037.5,"ppt"
"Forest Falls","Forest",1967,1229.18103027344,"ppt"
"Forest Falls","Forest",1968,495.662017822266,"ppt"
"Forest Falls","Forest",1969,1862.12109375,"ppt"
"Forest Falls","Forest",1970,901.336059570312,"ppt"
"Forest Falls","Forest",1971,813.805053710938,"ppt"
"Forest Falls","Forest",1972,454.111022949219,"ppt"
"Forest Falls","Forest",1973,1029.85205078125,"ppt"
"Forest Falls","Forest",1974,836.209045410156,"ppt"
"Forest Falls","Forest",1975,800.607055664062,"ppt"
"Forest Falls","Forest",1976,1017.65106201172,"ppt"
"Forest Falls","Forest",1977,965.981018066406,"ppt"
"Forest Falls","Forest",1978,2157.94921875,"ppt"
"Forest Falls","Forest",1979,1005.46105957031,"ppt"
"Forest Falls","Forest",1980,1719.25708007812,"ppt"
"Forest Falls","Forest",1981,662.762023925781,"ppt"
"Forest Falls","Forest",1982,1855.18908691406,"ppt"
"Forest Falls","Forest",1983,2026.40808105469,"ppt"
"Forest Falls","Forest",1984,769.236022949219,"ppt"
"Forest Falls","Forest",1985,872.255065917969,"ppt"
"Forest Falls","Forest",1986,1016.64904785156,"ppt"
"Forest Falls","Forest",1987,1012.08807373047,"ppt"
"Forest Falls","Forest",1988,762.980041503906,"ppt"
"Forest Falls","Forest",1989,557.178039550781,"ppt"
"Forest Falls","Forest",1990,723.672058105469,"ppt"
"Forest Falls","Forest",1991,1152.22705078125,"ppt"
"Forest Falls","Forest",1992,1405.59509277344,"ppt"
"Forest Falls","Forest",1993,1894.0361328125,"ppt"
"Forest Falls","Forest",1994,895.864013671875,"ppt"
"Forest Falls","Forest",1995,1792.06506347656,"ppt"
"Forest Falls","Forest",1996,1328.64208984375,"ppt"
"Forest Falls","Forest",1997,914.157043457031,"ppt"
"Forest Falls","Forest",1998,1363.01110839844,"ppt"
"Forest Falls","Forest",1999,406.227020263672,"ppt"
"Forest Falls","Forest",2000,745.052062988281,"ppt"
"Forest Falls","Forest",2001,422.883026123047,"ppt"
"Forest Falls","Forest",2002,497.907012939453,"ppt"
"Forest Falls","Forest",2003,720.244018554688,"ppt"
"Forest Falls","Forest",2004,898.422058105469,"ppt"
"Forest Falls","Forest",2005,1226.08911132812,"ppt"
"Forest Falls","Forest",2006,910.274047851562,"ppt"
"Forest Falls","Forest",2007,484.375030517578,"ppt"
"Forest Falls","Forest",2008,1093.07409667969,"ppt"
"Forest Falls","Forest",2009,700.778015136719,"ppt"
"Forest Falls","Forest",2010,1916.28210449219,"ppt"
"Forest Falls","Forest",2011,770.224060058594,"ppt"
"Forest Falls","Forest",2012,503.616180419922,"ppt"
"Forest Falls","Forest",2013,363.084014892578,"ppt"
"Forest Falls","Forest",2014,735.734008789062,"ppt"
"Forest Falls","Forest",2015,447.818023681641,"ppt"
"Forest Falls","Forest",2016,762.054016113281,"ppt"
"Forest Falls","Forest",2017,586.700012207031,"ppt"
"Forest Falls","Forest",2018,660.580017089844,"ppt"
"Forest Falls","Forest",2019,1296.93005371094,"ppt"
"Forest Falls","Forest",2020,572.960876464844,"ppt"
"Forest Falls","Forest",2021,602.197265625,"ppt"
"Forest Falls","Forest",2022,464.999084472656,"ppt"
"Forest Falls","Forest",2023,1094.55297851562,"ppt"
"Forest Falls","Forest",2024,648.198181152344,"ppt"
"Forest Falls","Forest",2025,971.086975097656,"ppt"
"Harng 'Aki Preserve","Shrubland",1895,337.080017089844,"ppt"
"Harng 'Aki Preserve","Shrubland",1896,275.096008300781,"ppt"
"Harng 'Aki Preserve","Shrubland",1897,339.792022705078,"ppt"
"Harng 'Aki Preserve","Shrubland",1898,153.774002075195,"ppt"
"Harng 'Aki Preserve","Shrubland",1899,234.815017700195,"ppt"
"Harng 'Aki Preserve","Shrubland",1900,267.279998779297,"ppt"
"Harng 'Aki Preserve","Shrubland",1901,258.840026855469,"ppt"
"Harng 'Aki Preserve","Shrubland",1902,289.357025146484,"ppt"
"Harng 'Aki Preserve","Shrubland",1903,307.358001708984,"ppt"
"Harng 'Aki Preserve","Shrubland",1904,240.581008911133,"ppt"
"Harng 'Aki Preserve","Shrubland",1905,532.27001953125,"ppt"
"Harng 'Aki Preserve","Shrubland",1906,524.193054199219,"ppt"
"Harng 'Aki Preserve","Shrubland",1907,395.724029541016,"ppt"
"Harng 'Aki Preserve","Shrubland",1908,313.60302734375,"ppt"
"Harng 'Aki Preserve","Shrubland",1909,434.409027099609,"ppt"
"Harng 'Aki Preserve","Shrubland",1910,171.791015625,"ppt"
"Harng 'Aki Preserve","Shrubland",1911,366.685028076172,"ppt"
"Harng 'Aki Preserve","Shrubland",1912,304.267028808594,"ppt"
"Harng 'Aki Preserve","Shrubland",1913,294.707000732422,"ppt"
"Harng 'Aki Preserve","Shrubland",1914,485.362030029297,"ppt"
"Harng 'Aki Preserve","Shrubland",1915,518.156005859375,"ppt"
"Harng 'Aki Preserve","Shrubland",1916,515.8310546875,"ppt"
"Harng 'Aki Preserve","Shrubland",1917,207.885009765625,"ppt"
"Harng 'Aki Preserve","Shrubland",1918,422.278015136719,"ppt"
"Harng 'Aki Preserve","Shrubland",1919,301.077026367188,"ppt"
"Harng 'Aki Preserve","Shrubland",1920,406.261016845703,"ppt"
"Harng 'Aki Preserve","Shrubland",1921,585.139038085938,"ppt"
"Harng 'Aki Preserve","Shrubland",1922,441.438018798828,"ppt"
"Harng 'Aki Preserve","Shrubland",1923,299.542022705078,"ppt"
"Harng 'Aki Preserve","Shrubland",1924,291.116027832031,"ppt"
"Harng 'Aki Preserve","Shrubland",1925,299.959014892578,"ppt"
"Harng 'Aki Preserve","Shrubland",1926,449.763031005859,"ppt"
"Harng 'Aki Preserve","Shrubland",1927,537.551025390625,"ppt"
"Harng 'Aki Preserve","Shrubland",1928,245.355010986328,"ppt"
"Harng 'Aki Preserve","Shrubland",1929,187.089004516602,"ppt"
"Harng 'Aki Preserve","Shrubland",1930,450.516021728516,"ppt"
"Harng 'Aki Preserve","Shrubland",1931,480.109008789062,"ppt"
"Harng 'Aki Preserve","Shrubland",1932,371.266021728516,"ppt"
"Harng 'Aki Preserve","Shrubland",1933,274.768005371094,"ppt"
"Harng 'Aki Preserve","Shrubland",1934,271.704010009766,"ppt"
"Harng 'Aki Preserve","Shrubland",1935,305.630004882812,"ppt"
"Harng 'Aki Preserve","Shrubland",1936,511.976013183594,"ppt"
"Harng 'Aki Preserve","Shrubland",1937,464.698028564453,"ppt"
"Harng 'Aki Preserve","Shrubland",1938,521.515014648438,"ppt"
"Harng 'Aki Preserve","Shrubland",1939,391.195007324219,"ppt"
"Harng 'Aki Preserve","Shrubland",1940,459.961029052734,"ppt"
"Harng 'Aki Preserve","Shrubland",1941,611.980041503906,"ppt"
"Harng 'Aki Preserve","Shrubland",1942,203.931015014648,"ppt"
"Harng 'Aki Preserve","Shrubland",1943,534.118041992188,"ppt"
"Harng 'Aki Preserve","Shrubland",1944,373.803009033203,"ppt"
"Harng 'Aki Preserve","Shrubland",1945,349.135009765625,"ppt"
"Harng 'Aki Preserve","Shrubland",1946,297.361999511719,"ppt"
"Harng 'Aki Preserve","Shrubland",1947,126.2080078125,"ppt"
"Harng 'Aki Preserve","Shrubland",1948,206.343002319336,"ppt"
"Harng 'Aki Preserve","Shrubland",1949,240.750015258789,"ppt"
"Harng 'Aki Preserve","Shrubland",1950,197.476013183594,"ppt"
"Harng 'Aki Preserve","Shrubland",1951,320.919006347656,"ppt"
"Harng 'Aki Preserve","Shrubland",1952,488.883026123047,"ppt"
"Harng 'Aki Preserve","Shrubland",1953,148.248001098633,"ppt"
"Harng 'Aki Preserve","Shrubland",1954,376.567016601562,"ppt"
"Harng 'Aki Preserve","Shrubland",1955,241.136016845703,"ppt"
"Harng 'Aki Preserve","Shrubland",1956,206.045013427734,"ppt"
"Harng 'Aki Preserve","Shrubland",1957,373.047027587891,"ppt"
"Harng 'Aki Preserve","Shrubland",1958,402.521026611328,"ppt"
"Harng 'Aki Preserve","Shrubland",1959,184.119003295898,"ppt"
"Harng 'Aki Preserve","Shrubland",1960,234.439010620117,"ppt"
"Harng 'Aki Preserve","Shrubland",1961,129.624008178711,"ppt"
"Harng 'Aki Preserve","Shrubland",1962,241.375015258789,"ppt"
"Harng 'Aki Preserve","Shrubland",1963,353.185028076172,"ppt"
"Harng 'Aki Preserve","Shrubland",1964,212.095016479492,"ppt"
"Harng 'Aki Preserve","Shrubland",1965,464.950012207031,"ppt"
"Harng 'Aki Preserve","Shrubland",1966,297.768005371094,"ppt"
"Harng 'Aki Preserve","Shrubland",1967,321.025024414062,"ppt"
"Harng 'Aki Preserve","Shrubland",1968,176.310012817383,"ppt"
"Harng 'Aki Preserve","Shrubland",1969,587.628051757812,"ppt"
"Harng 'Aki Preserve","Shrubland",1970,312.836029052734,"ppt"
"Harng 'Aki Preserve","Shrubland",1971,193.337005615234,"ppt"
"Harng 'Aki Preserve","Shrubland",1972,131.647003173828,"ppt"
"Harng 'Aki Preserve","Shrubland",1973,304.659027099609,"ppt"
"Harng 'Aki Preserve","Shrubland",1974,276.381011962891,"ppt"
"Harng 'Aki Preserve","Shrubland",1975,203.63801574707,"ppt"
"Harng 'Aki Preserve","Shrubland",1976,306.156005859375,"ppt"
"Harng 'Aki Preserve","Shrubland",1977,314.791015625,"ppt"
"Harng 'Aki Preserve","Shrubland",1978,662.971008300781,"ppt"
"Harng 'Aki Preserve","Shrubland",1979,344.236022949219,"ppt"
"Harng 'Aki Preserve","Shrubland",1980,551.962036132812,"ppt"
"Harng 'Aki Preserve","Shrubland",1981,219.557006835938,"ppt"
"Harng 'Aki Preserve","Shrubland",1982,477.783020019531,"ppt"
"Harng 'Aki Preserve","Shrubland",1983,638.539001464844,"ppt"
"Harng 'Aki Preserve","Shrubland",1984,179.151000976562,"ppt"
"Harng 'Aki Preserve","Shrubland",1985,178.214004516602,"ppt"
"Harng 'Aki Preserve","Shrubland",1986,278.443023681641,"ppt"
"Harng 'Aki Preserve","Shrubland",1987,265.934020996094,"ppt"
"Harng 'Aki Preserve","Shrubland",1988,220.866012573242,"ppt"
"Harng 'Aki Preserve","Shrubland",1989,153.742004394531,"ppt"
"Harng 'Aki Preserve","Shrubland",1990,177.625015258789,"ppt"
"Harng 'Aki Preserve","Shrubland",1991,378.164031982422,"ppt"
"Harng 'Aki Preserve","Shrubland",1992,449.810028076172,"ppt"
"Harng 'Aki Preserve","Shrubland",1993,596.155029296875,"ppt"
"Harng 'Aki Preserve","Shrubland",1994,248.820007324219,"ppt"
"Harng 'Aki Preserve","Shrubland",1995,520.918029785156,"ppt"
"Harng 'Aki Preserve","Shrubland",1996,336.327026367188,"ppt"
"Harng 'Aki Preserve","Shrubland",1997,298.696014404297,"ppt"
"Harng 'Aki Preserve","Shrubland",1998,545.052001953125,"ppt"
"Harng 'Aki Preserve","Shrubland",1999,116.563003540039,"ppt"
"Harng 'Aki Preserve","Shrubland",2000,214.258010864258,"ppt"
"Harng 'Aki Preserve","Shrubland",2001,270.35302734375,"ppt"
"Harng 'Aki Preserve","Shrubland",2002,151.946014404297,"ppt"
"Harng 'Aki Preserve","Shrubland",2003,328.997009277344,"ppt"
"Harng 'Aki Preserve","Shrubland",2004,401.43701171875,"ppt"
"Harng 'Aki Preserve","Shrubland",2005,430.026031494141,"ppt"
"Harng 'Aki Preserve","Shrubland",2006,225.972015380859,"ppt"
"Harng 'Aki Preserve","Shrubland",2007,160.176010131836,"ppt"
"Harng 'Aki Preserve","Shrubland",2008,272.408020019531,"ppt"
"Harng 'Aki Preserve","Shrubland",2009,166.420013427734,"ppt"
"Harng 'Aki Preserve","Shrubland",2010,603.006042480469,"ppt"
"Harng 'Aki Preserve","Shrubland",2011,222.992004394531,"ppt"
"Harng 'Aki Preserve","Shrubland",2012,207.835189819336,"ppt"
"Harng 'Aki Preserve","Shrubland",2013,159.974014282227,"ppt"
"Harng 'Aki Preserve","Shrubland",2014,224.120010375977,"ppt"
"Harng 'Aki Preserve","Shrubland",2015,188.145004272461,"ppt"
"Harng 'Aki Preserve","Shrubland",2016,286.175018310547,"ppt"
"Harng 'Aki Preserve","Shrubland",2017,229.618011474609,"ppt"
"Harng 'Aki Preserve","Shrubland",2018,222.774017333984,"ppt"
"Harng 'Aki Preserve","Shrubland",2019,470.054016113281,"ppt"
"Harng 'Aki Preserve","Shrubland",2020,289.148895263672,"ppt"
"Harng 'Aki Preserve","Shrubland",2021,253.458297729492,"ppt"
"Harng 'Aki Preserve","Shrubland",2022,146.214889526367,"ppt"
"Harng 'Aki Preserve","Shrubland",2023,511.218994140625,"ppt"
"Harng 'Aki Preserve","Shrubland",2024,391.188385009766,"ppt"
"Harng 'Aki Preserve","Shrubland",2025,301.049987792969,"ppt"
"Caroline Park","Shrubland",1895,331.251007080078,"ppt"
"Caroline Park","Shrubland",1896,265.051025390625,"ppt"
"Caroline Park","Shrubland",1897,339.831024169922,"ppt"
"Caroline Park","Shrubland",1898,152.369003295898,"ppt"
"Caroline Park","Shrubland",1899,214.103012084961,"ppt"
"Caroline Park","Shrubland",1900,255.973007202148,"ppt"
"Caroline Park","Shrubland",1901,248.125015258789,"ppt"
"Caroline Park","Shrubland",1902,286.652008056641,"ppt"
"Caroline Park","Shrubland",1903,317.327026367188,"ppt"
"Caroline Park","Shrubland",1904,231.378005981445,"ppt"
"Caroline Park","Shrubland",1905,556.430053710938,"ppt"
"Caroline Park","Shrubland",1906,511.037017822266,"ppt"
"Caroline Park","Shrubland",1907,420.68603515625,"ppt"
"Caroline Park","Shrubland",1908,322.788024902344,"ppt"
"Caroline Park","Shrubland",1909,438.974029541016,"ppt"
"Caroline Park","Shrubland",1910,161.406005859375,"ppt"
"Caroline Park","Shrubland",1911,365.931030273438,"ppt"
"Caroline Park","Shrubland",1912,282.898010253906,"ppt"
"Caroline Park","Shrubland",1913,282.334014892578,"ppt"
"Caroline Park","Shrubland",1914,485.088012695312,"ppt"
"Caroline Park","Shrubland",1915,502.378021240234,"ppt"
"Caroline Park","Shrubland",1916,483.568023681641,"ppt"
"Caroline Park","Shrubland",1917,198.577011108398,"ppt"
"Caroline Park","Shrubland",1918,402.47802734375,"ppt"
"Caroline Park","Shrubland",1919,299.169006347656,"ppt"
"Caroline Park","Shrubland",1920,379.335021972656,"ppt"
"Caroline Park","Shrubland",1921,560.900024414062,"ppt"
"Caroline Park","Shrubland",1922,431.264007568359,"ppt"
"Caroline Park","Shrubland",1923,280.292022705078,"ppt"
"Caroline Park","Shrubland",1924,276.626007080078,"ppt"
"Caroline Park","Shrubland",1925,278.782012939453,"ppt"
"Caroline Park","Shrubland",1926,432.159027099609,"ppt"
"Caroline Park","Shrubland",1927,509.657012939453,"ppt"
"Caroline Park","Shrubland",1928,232.906005859375,"ppt"
"Caroline Park","Shrubland",1929,182.408004760742,"ppt"
"Caroline Park","Shrubland",1930,450.990020751953,"ppt"
"Caroline Park","Shrubland",1931,480.696014404297,"ppt"
"Caroline Park","Shrubland",1932,346.612030029297,"ppt"
"Caroline Park","Shrubland",1933,272.234008789062,"ppt"
"Caroline Park","Shrubland",1934,278.640014648438,"ppt"
"Caroline Park","Shrubland",1935,302.436004638672,"ppt"
"Caroline Park","Shrubland",1936,515.430053710938,"ppt"
"Caroline Park","Shrubland",1937,434.538024902344,"ppt"
"Caroline Park","Shrubland",1938,516.723999023438,"ppt"
"Caroline Park","Shrubland",1939,347.656005859375,"ppt"
"Caroline Park","Shrubland",1940,464.162017822266,"ppt"
"Caroline Park","Shrubland",1941,608.22802734375,"ppt"
"Caroline Park","Shrubland",1942,197.078002929688,"ppt"
"Caroline Park","Shrubland",1943,589.710021972656,"ppt"
"Caroline Park","Shrubland",1944,397.087005615234,"ppt"
"Caroline Park","Shrubland",1945,339.157012939453,"ppt"
"Caroline Park","Shrubland",1946,318.370025634766,"ppt"
"Caroline Park","Shrubland",1947,126.058006286621,"ppt"
"Caroline Park","Shrubland",1948,215.259002685547,"ppt"
"Caroline Park","Shrubland",1949,255.832015991211,"ppt"
"Caroline Park","Shrubland",1950,191.750015258789,"ppt"
"Caroline Park","Shrubland",1951,329.323028564453,"ppt"
"Caroline Park","Shrubland",1952,514.225036621094,"ppt"
"Caroline Park","Shrubland",1953,148.884002685547,"ppt"
"Caroline Park","Shrubland",1954,370.9580078125,"ppt"
"Caroline Park","Shrubland",1955,230.594009399414,"ppt"
"Caroline Park","Shrubland",1956,200.063003540039,"ppt"
"Caroline Park","Shrubland",1957,370.108032226562,"ppt"
"Caroline Park","Shrubland",1958,385.649017333984,"ppt"
"Caroline Park","Shrubland",1959,188.383010864258,"ppt"
"Caroline Park","Shrubland",1960,222.093017578125,"ppt"
"Caroline Park","Shrubland",1961,122.806007385254,"ppt"
"Caroline Park","Shrubland",1962,239.241012573242,"ppt"
"Caroline Park","Shrubland",1963,348.694030761719,"ppt"
"Caroline Park","Shrubland",1964,214.049011230469,"ppt"
"Caroline Park","Shrubland",1965,472.130035400391,"ppt"
"Caroline Park","Shrubland",1966,306.205017089844,"ppt"
"Caroline Park","Shrubland",1967,314.993011474609,"ppt"
"Caroline Park","Shrubland",1968,168.087005615234,"ppt"
"Caroline Park","Shrubland",1969,592.881042480469,"ppt"
"Caroline Park","Shrubland",1970,312.557006835938,"ppt"
"Caroline Park","Shrubland",1971,209.160003662109,"ppt"
"Caroline Park","Shrubland",1972,134.311004638672,"ppt"
"Caroline Park","Shrubland",1973,301.163024902344,"ppt"
"Caroline Park","Shrubland",1974,281.236999511719,"ppt"
"Caroline Park","Shrubland",1975,200.700012207031,"ppt"
"Caroline Park","Shrubland",1976,305.233001708984,"ppt"
"Caroline Park","Shrubland",1977,318.533020019531,"ppt"
"Caroline Park","Shrubland",1978,654.887023925781,"ppt"
"Caroline Park","Shrubland",1979,350.724029541016,"ppt"
"Caroline Park","Shrubland",1980,548.399047851562,"ppt"
"Caroline Park","Shrubland",1981,211.526016235352,"ppt"
"Caroline Park","Shrubland",1982,453.934020996094,"ppt"
"Caroline Park","Shrubland",1983,632.381042480469,"ppt"
"Caroline Park","Shrubland",1984,189.449005126953,"ppt"
"Caroline Park","Shrubland",1985,173.676010131836,"ppt"
"Caroline Park","Shrubland",1986,278.406005859375,"ppt"
"Caroline Park","Shrubland",1987,276.600006103516,"ppt"
"Caroline Park","Shrubland",1988,227.084014892578,"ppt"
"Caroline Park","Shrubland",1989,147.523010253906,"ppt"
"Caroline Park","Shrubland",1990,178.012008666992,"ppt"
"Caroline Park","Shrubland",1991,376.466003417969,"ppt"
"Caroline Park","Shrubland",1992,463.299011230469,"ppt"
"Caroline Park","Shrubland",1993,591.517028808594,"ppt"
"Caroline Park","Shrubland",1994,259.867004394531,"ppt"
"Caroline Park","Shrubland",1995,513.2490234375,"ppt"
"Caroline Park","Shrubland",1996,331.946014404297,"ppt"
"Caroline Park","Shrubland",1997,293.230010986328,"ppt"
"Caroline Park","Shrubland",1998,559.95703125,"ppt"
"Caroline Park","Shrubland",1999,111.369003295898,"ppt"
"Caroline Park","Shrubland",2000,213.796005249023,"ppt"
"Caroline Park","Shrubland",2001,275.251007080078,"ppt"
"Caroline Park","Shrubland",2002,142.647003173828,"ppt"
"Caroline Park","Shrubland",2003,334.159027099609,"ppt"
"Caroline Park","Shrubland",2004,391.390014648438,"ppt"
"Caroline Park","Shrubland",2005,429.808013916016,"ppt"
"Caroline Park","Shrubland",2006,232.106018066406,"ppt"
"Caroline Park","Shrubland",2007,169.580001831055,"ppt"
"Caroline Park","Shrubland",2008,278.061004638672,"ppt"
"Caroline Park","Shrubland",2009,164.592010498047,"ppt"
"Caroline Park","Shrubland",2010,627.467041015625,"ppt"
"Caroline Park","Shrubland",2011,222.414016723633,"ppt"
"Caroline Park","Shrubland",2012,220.847290039062,"ppt"
"Caroline Park","Shrubland",2013,163.184005737305,"ppt"
"Caroline Park","Shrubland",2014,237.570007324219,"ppt"
"Caroline Park","Shrubland",2015,193.400009155273,"ppt"
"Caroline Park","Shrubland",2016,298.994018554688,"ppt"
"Caroline Park","Shrubland",2017,247.371017456055,"ppt"
"Caroline Park","Shrubland",2018,234.558013916016,"ppt"
"Caroline Park","Shrubland",2019,480.358032226562,"ppt"
"Caroline Park","Shrubland",2020,294.373901367188,"ppt"
"Caroline Park","Shrubland",2021,252.790588378906,"ppt"
"Caroline Park","Shrubland",2022,140.485794067383,"ppt"
"Caroline Park","Shrubland",2023,491.127990722656,"ppt"
"Caroline Park","Shrubland",2024,386.074096679688,"ppt"
"Caroline Park","Shrubland",2025,311.963012695312,"ppt"
"Snow Creek","Desert",1895,250.955017089844,"ppt"
"Snow Creek","Desert",1896,205.725006103516,"ppt"
"Snow Creek","Desert",1897,241.778015136719,"ppt"
"Snow Creek","Desert",1898,136.281005859375,"ppt"
"Snow Creek","Desert",1899,180.449005126953,"ppt"
"Snow Creek","Desert",1900,206.480010986328,"ppt"
"Snow Creek","Desert",1901,207.772003173828,"ppt"
"Snow Creek","Desert",1902,191.662002563477,"ppt"
"Snow Creek","Desert",1903,172.820007324219,"ppt"
"Snow Creek","Desert",1904,186.519012451172,"ppt"
"Snow Creek","Desert",1905,302.025024414062,"ppt"
"Snow Creek","Desert",1906,346.613006591797,"ppt"
"Snow Creek","Desert",1907,166.978012084961,"ppt"
"Snow Creek","Desert",1908,193.575012207031,"ppt"
"Snow Creek","Desert",1909,334.597015380859,"ppt"
"Snow Creek","Desert",1910,89.2390060424805,"ppt"
"Snow Creek","Desert",1911,258.400024414062,"ppt"
"Snow Creek","Desert",1912,184.580001831055,"ppt"
"Snow Creek","Desert",1913,169.586013793945,"ppt"
"Snow Creek","Desert",1914,333.111022949219,"ppt"
"Snow Creek","Desert",1915,315.983001708984,"ppt"
"Snow Creek","Desert",1916,385.288024902344,"ppt"
"Snow Creek","Desert",1917,71.9750061035156,"ppt"
"Snow Creek","Desert",1918,212.325012207031,"ppt"
"Snow Creek","Desert",1919,223.73600769043,"ppt"
"Snow Creek","Desert",1920,260.795013427734,"ppt"
"Snow Creek","Desert",1921,500.235015869141,"ppt"
"Snow Creek","Desert",1922,258.098999023438,"ppt"
"Snow Creek","Desert",1923,159.946014404297,"ppt"
"Snow Creek","Desert",1924,150.433013916016,"ppt"
"Snow Creek","Desert",1925,186.298004150391,"ppt"
"Snow Creek","Desert",1926,337.157012939453,"ppt"
"Snow Creek","Desert",1927,309.215026855469,"ppt"
"Snow Creek","Desert",1928,122.318008422852,"ppt"
"Snow Creek","Desert",1929,141.512008666992,"ppt"
"Snow Creek","Desert",1930,203.620010375977,"ppt"
"Snow Creek","Desert",1931,310.251007080078,"ppt"
"Snow Creek","Desert",1932,405.668029785156,"ppt"
"Snow Creek","Desert",1933,169.330001831055,"ppt"
"Snow Creek","Desert",1934,128.458999633789,"ppt"
"Snow Creek","Desert",1935,221.707015991211,"ppt"
"Snow Creek","Desert",1936,374.391021728516,"ppt"
"Snow Creek","Desert",1937,296.807006835938,"ppt"
"Snow Creek","Desert",1938,383.955017089844,"ppt"
"Snow Creek","Desert",1939,310.914001464844,"ppt"
"Snow Creek","Desert",1940,344.778015136719,"ppt"
"Snow Creek","Desert",1941,418.315032958984,"ppt"
"Snow Creek","Desert",1942,102.661003112793,"ppt"
"Snow Creek","Desert",1943,465.473022460938,"ppt"
"Snow Creek","Desert",1944,185.426010131836,"ppt"
"Snow Creek","Desert",1945,268.697021484375,"ppt"
"Snow Creek","Desert",1946,185.839004516602,"ppt"
"Snow Creek","Desert",1947,88.661003112793,"ppt"
"Snow Creek","Desert",1948,141.434005737305,"ppt"
"Snow Creek","Desert",1949,112.953002929688,"ppt"
"Snow Creek","Desert",1950,89.6730041503906,"ppt"
"Snow Creek","Desert",1951,231.868011474609,"ppt"
"Snow Creek","Desert",1952,364.047027587891,"ppt"
"Snow Creek","Desert",1953,70.286003112793,"ppt"
"Snow Creek","Desert",1954,276.326019287109,"ppt"
"Snow Creek","Desert",1955,165.750015258789,"ppt"
"Snow Creek","Desert",1956,70.3210067749023,"ppt"
"Snow Creek","Desert",1957,244.858016967773,"ppt"
"Snow Creek","Desert",1958,310.336029052734,"ppt"
"Snow Creek","Desert",1959,160.790008544922,"ppt"
"Snow Creek","Desert",1960,127.109008789062,"ppt"
"Snow Creek","Desert",1961,103.804008483887,"ppt"
"Snow Creek","Desert",1962,125.946006774902,"ppt"
"Snow Creek","Desert",1963,256.394012451172,"ppt"
"Snow Creek","Desert",1964,180.992004394531,"ppt"
"Snow Creek","Desert",1965,495.285034179688,"ppt"
"Snow Creek","Desert",1966,275.305023193359,"ppt"
"Snow Creek","Desert",1967,214.35400390625,"ppt"
"Snow Creek","Desert",1968,141.267013549805,"ppt"
"Snow Creek","Desert",1969,439.794006347656,"ppt"
"Snow Creek","Desert",1970,249.349014282227,"ppt"
"Snow Creek","Desert",1971,154.749008178711,"ppt"
"Snow Creek","Desert",1972,101.574005126953,"ppt"
"Snow Creek","Desert",1973,163.330001831055,"ppt"
"Snow Creek","Desert",1974,153.219009399414,"ppt"
"Snow Creek","Desert",1975,114.062004089355,"ppt"
"Snow Creek","Desert",1976,253.732009887695,"ppt"
"Snow Creek","Desert",1977,257.367004394531,"ppt"
"Snow Creek","Desert",1978,491.908020019531,"ppt"
"Snow Creek","Desert",1979,284.180999755859,"ppt"
"Snow Creek","Desert",1980,349.95703125,"ppt"
"Snow Creek","Desert",1981,168.739013671875,"ppt"
"Snow Creek","Desert",1982,399.909027099609,"ppt"
"Snow Creek","Desert",1983,511.744018554688,"ppt"
"Snow Creek","Desert",1984,173.231002807617,"ppt"
"Snow Creek","Desert",1985,146.052001953125,"ppt"
"Snow Creek","Desert",1986,250.313018798828,"ppt"
"Snow Creek","Desert",1987,212.110015869141,"ppt"
"Snow Creek","Desert",1988,184.484008789062,"ppt"
"Snow Creek","Desert",1989,91.5000076293945,"ppt"
"Snow Creek","Desert",1990,120.752006530762,"ppt"
"Snow Creek","Desert",1991,315.557006835938,"ppt"
"Snow Creek","Desert",1992,332.580017089844,"ppt"
"Snow Creek","Desert",1993,544.52099609375,"ppt"
"Snow Creek","Desert",1994,206.164016723633,"ppt"
"Snow Creek","Desert",1995,393.734008789062,"ppt"
"Snow Creek","Desert",1996,168.529006958008,"ppt"
"Snow Creek","Desert",1997,202.077011108398,"ppt"
"Snow Creek","Desert",1998,335.575012207031,"ppt"
"Snow Creek","Desert",1999,50.6290016174316,"ppt"
"Snow Creek","Desert",2000,121.398002624512,"ppt"
"Snow Creek","Desert",2001,247.758010864258,"ppt"
"Snow Creek","Desert",2002,83.4900054931641,"ppt"
"Snow Creek","Desert",2003,175.247009277344,"ppt"
"Snow Creek","Desert",2004,326.385009765625,"ppt"
"Snow Creek","Desert",2005,408.778015136719,"ppt"
"Snow Creek","Desert",2006,166.945007324219,"ppt"
"Snow Creek","Desert",2007,100.410003662109,"ppt"
"Snow Creek","Desert",2008,245.378005981445,"ppt"
"Snow Creek","Desert",2009,85.4650039672852,"ppt"
"Snow Creek","Desert",2010,424.898010253906,"ppt"
"Snow Creek","Desert",2011,150.179000854492,"ppt"
"Snow Creek","Desert",2012,87.3119964599609,"ppt"
"Snow Creek","Desert",2013,40.318000793457,"ppt"
"Snow Creek","Desert",2014,167.03401184082,"ppt"
"Snow Creek","Desert",2015,148.546005249023,"ppt"
"Snow Creek","Desert",2016,215.98600769043,"ppt"
"Snow Creek","Desert",2017,248.385009765625,"ppt"
"Snow Creek","Desert",2018,176.030014038086,"ppt"
"Snow Creek","Desert",2019,423.665008544922,"ppt"
"Snow Creek","Desert",2020,204.946990966797,"ppt"
"Snow Creek","Desert",2021,218.477401733398,"ppt"
"Snow Creek","Desert",2022,112.99129486084,"ppt"
"Snow Creek","Desert",2023,392.789001464844,"ppt"
"Snow Creek","Desert",2024,158.106597900391,"ppt"
"Snow Creek","Desert",2025,211.175003051758,"ppt"
"San Timoteo Canyon","Riparian",1895,337.080017089844,"ppt"
"San Timoteo Canyon","Riparian",1896,275.096008300781,"ppt"
"San Timoteo Canyon","Riparian",1897,339.792022705078,"ppt"
"San Timoteo Canyon","Riparian",1898,153.774002075195,"ppt"
"San Timoteo Canyon","Riparian",1899,234.815017700195,"ppt"
"San Timoteo Canyon","Riparian",1900,267.279998779297,"ppt"
"San Timoteo Canyon","Riparian",1901,258.840026855469,"ppt"
"San Timoteo Canyon","Riparian",1902,289.357025146484,"ppt"
"San Timoteo Canyon","Riparian",1903,307.358001708984,"ppt"
"San Timoteo Canyon","Riparian",1904,240.581008911133,"ppt"
"San Timoteo Canyon","Riparian",1905,532.27001953125,"ppt"
"San Timoteo Canyon","Riparian",1906,524.193054199219,"ppt"
"San Timoteo Canyon","Riparian",1907,395.724029541016,"ppt"
"San Timoteo Canyon","Riparian",1908,313.60302734375,"ppt"
"San Timoteo Canyon","Riparian",1909,434.409027099609,"ppt"
"San Timoteo Canyon","Riparian",1910,171.791015625,"ppt"
"San Timoteo Canyon","Riparian",1911,366.685028076172,"ppt"
"San Timoteo Canyon","Riparian",1912,304.267028808594,"ppt"
"San Timoteo Canyon","Riparian",1913,294.707000732422,"ppt"
"San Timoteo Canyon","Riparian",1914,485.362030029297,"ppt"
"San Timoteo Canyon","Riparian",1915,518.156005859375,"ppt"
"San Timoteo Canyon","Riparian",1916,515.8310546875,"ppt"
"San Timoteo Canyon","Riparian",1917,207.885009765625,"ppt"
"San Timoteo Canyon","Riparian",1918,422.278015136719,"ppt"
"San Timoteo Canyon","Riparian",1919,301.077026367188,"ppt"
"San Timoteo Canyon","Riparian",1920,406.261016845703,"ppt"
"San Timoteo Canyon","Riparian",1921,585.139038085938,"ppt"
"San Timoteo Canyon","Riparian",1922,441.438018798828,"ppt"
"San Timoteo Canyon","Riparian",1923,299.542022705078,"ppt"
"San Timoteo Canyon","Riparian",1924,291.116027832031,"ppt"
"San Timoteo Canyon","Riparian",1925,299.959014892578,"ppt"
"San Timoteo Canyon","Riparian",1926,449.763031005859,"ppt"
"San Timoteo Canyon","Riparian",1927,537.551025390625,"ppt"
"San Timoteo Canyon","Riparian",1928,245.355010986328,"ppt"
"San Timoteo Canyon","Riparian",1929,187.089004516602,"ppt"
"San Timoteo Canyon","Riparian",1930,450.516021728516,"ppt"
"San Timoteo Canyon","Riparian",1931,480.109008789062,"ppt"
"San Timoteo Canyon","Riparian",1932,371.266021728516,"ppt"
"San Timoteo Canyon","Riparian",1933,274.768005371094,"ppt"
"San Timoteo Canyon","Riparian",1934,271.704010009766,"ppt"
"San Timoteo Canyon","Riparian",1935,305.630004882812,"ppt"
"San Timoteo Canyon","Riparian",1936,511.976013183594,"ppt"
"San Timoteo Canyon","Riparian",1937,464.698028564453,"ppt"
"San Timoteo Canyon","Riparian",1938,521.515014648438,"ppt"
"San Timoteo Canyon","Riparian",1939,391.195007324219,"ppt"
"San Timoteo Canyon","Riparian",1940,459.961029052734,"ppt"
"San Timoteo Canyon","Riparian",1941,611.980041503906,"ppt"
"San Timoteo Canyon","Riparian",1942,203.931015014648,"ppt"
"San Timoteo Canyon","Riparian",1943,534.118041992188,"ppt"
"San Timoteo Canyon","Riparian",1944,373.803009033203,"ppt"
"San Timoteo Canyon","Riparian",1945,349.135009765625,"ppt"
"San Timoteo Canyon","Riparian",1946,297.361999511719,"ppt"
"San Timoteo Canyon","Riparian",1947,126.2080078125,"ppt"
"San Timoteo Canyon","Riparian",1948,206.343002319336,"ppt"
"San Timoteo Canyon","Riparian",1949,240.750015258789,"ppt"
"San Timoteo Canyon","Riparian",1950,197.476013183594,"ppt"
"San Timoteo Canyon","Riparian",1951,320.919006347656,"ppt"
"San Timoteo Canyon","Riparian",1952,488.883026123047,"ppt"
"San Timoteo Canyon","Riparian",1953,148.248001098633,"ppt"
"San Timoteo Canyon","Riparian",1954,376.567016601562,"ppt"
"San Timoteo Canyon","Riparian",1955,241.136016845703,"ppt"
"San Timoteo Canyon","Riparian",1956,206.045013427734,"ppt"
"San Timoteo Canyon","Riparian",1957,373.047027587891,"ppt"
"San Timoteo Canyon","Riparian",1958,402.521026611328,"ppt"
"San Timoteo Canyon","Riparian",1959,184.119003295898,"ppt"
"San Timoteo Canyon","Riparian",1960,234.439010620117,"ppt"
"San Timoteo Canyon","Riparian",1961,129.624008178711,"ppt"
"San Timoteo Canyon","Riparian",1962,241.375015258789,"ppt"
"San Timoteo Canyon","Riparian",1963,353.185028076172,"ppt"
"San Timoteo Canyon","Riparian",1964,212.095016479492,"ppt"
"San Timoteo Canyon","Riparian",1965,464.950012207031,"ppt"
"San Timoteo Canyon","Riparian",1966,297.768005371094,"ppt"
"San Timoteo Canyon","Riparian",1967,321.025024414062,"ppt"
"San Timoteo Canyon","Riparian",1968,176.310012817383,"ppt"
"San Timoteo Canyon","Riparian",1969,587.628051757812,"ppt"
"San Timoteo Canyon","Riparian",1970,312.836029052734,"ppt"
"San Timoteo Canyon","Riparian",1971,193.337005615234,"ppt"
"San Timoteo Canyon","Riparian",1972,131.647003173828,"ppt"
"San Timoteo Canyon","Riparian",1973,304.659027099609,"ppt"
"San Timoteo Canyon","Riparian",1974,276.381011962891,"ppt"
"San Timoteo Canyon","Riparian",1975,203.63801574707,"ppt"
"San Timoteo Canyon","Riparian",1976,306.156005859375,"ppt"
"San Timoteo Canyon","Riparian",1977,314.791015625,"ppt"
"San Timoteo Canyon","Riparian",1978,662.971008300781,"ppt"
"San Timoteo Canyon","Riparian",1979,344.236022949219,"ppt"
"San Timoteo Canyon","Riparian",1980,551.962036132812,"ppt"
"San Timoteo Canyon","Riparian",1981,219.557006835938,"ppt"
"San Timoteo Canyon","Riparian",1982,477.783020019531,"ppt"
"San Timoteo Canyon","Riparian",1983,638.539001464844,"ppt"
"San Timoteo Canyon","Riparian",1984,179.151000976562,"ppt"
"San Timoteo Canyon","Riparian",1985,178.214004516602,"ppt"
"San Timoteo Canyon","Riparian",1986,278.443023681641,"ppt"
"San Timoteo Canyon","Riparian",1987,265.934020996094,"ppt"
"San Timoteo Canyon","Riparian",1988,220.866012573242,"ppt"
"San Timoteo Canyon","Riparian",1989,153.742004394531,"ppt"
"San Timoteo Canyon","Riparian",1990,177.625015258789,"ppt"
"San Timoteo Canyon","Riparian",1991,378.164031982422,"ppt"
"San Timoteo Canyon","Riparian",1992,449.810028076172,"ppt"
"San Timoteo Canyon","Riparian",1993,596.155029296875,"ppt"
"San Timoteo Canyon","Riparian",1994,248.820007324219,"ppt"
"San Timoteo Canyon","Riparian",1995,520.918029785156,"ppt"
"San Timoteo Canyon","Riparian",1996,336.327026367188,"ppt"
"San Timoteo Canyon","Riparian",1997,298.696014404297,"ppt"
"San Timoteo Canyon","Riparian",1998,545.052001953125,"ppt"
"San Timoteo Canyon","Riparian",1999,116.563003540039,"ppt"
"San Timoteo Canyon","Riparian",2000,214.258010864258,"ppt"
"San Timoteo Canyon","Riparian",2001,270.35302734375,"ppt"
"San Timoteo Canyon","Riparian",2002,151.946014404297,"ppt"
"San Timoteo Canyon","Riparian",2003,328.997009277344,"ppt"
"San Timoteo Canyon","Riparian",2004,401.43701171875,"ppt"
"San Timoteo Canyon","Riparian",2005,430.026031494141,"ppt"
"San Timoteo Canyon","Riparian",2006,225.972015380859,"ppt"
"San Timoteo Canyon","Riparian",2007,160.176010131836,"ppt"
"San Timoteo Canyon","Riparian",2008,272.408020019531,"ppt"
"San Timoteo Canyon","Riparian",2009,166.420013427734,"ppt"
"San Timoteo Canyon","Riparian",2010,603.006042480469,"ppt"
"San Timoteo Canyon","Riparian",2011,222.992004394531,"ppt"
"San Timoteo Canyon","Riparian",2012,207.835189819336,"ppt"
"San Timoteo Canyon","Riparian",2013,159.974014282227,"ppt"
"San Timoteo Canyon","Riparian",2014,224.120010375977,"ppt"
"San Timoteo Canyon","Riparian",2015,188.145004272461,"ppt"
"San Timoteo Canyon","Riparian",2016,286.175018310547,"ppt"
"San Timoteo Canyon","Riparian",2017,229.618011474609,"ppt"
"San Timoteo Canyon","Riparian",2018,222.774017333984,"ppt"
"San Timoteo Canyon","Riparian",2019,470.054016113281,"ppt"
"San Timoteo Canyon","Riparian",2020,289.148895263672,"ppt"
"San Timoteo Canyon","Riparian",2021,253.458297729492,"ppt"
"San Timoteo Canyon","Riparian",2022,146.214889526367,"ppt"
"San Timoteo Canyon","Riparian",2023,511.218994140625,"ppt"
"San Timoteo Canyon","Riparian",2024,391.188385009766,"ppt"
"San Timoteo Canyon","Riparian",2025,301.049987792969,"ppt"
"Oak Glen Preserve","Forest",1895,503.285034179688,"ppt"
"Oak Glen Preserve","Forest",1896,505.573028564453,"ppt"
"Oak Glen Preserve","Forest",1897,525.842041015625,"ppt"
"Oak Glen Preserve","Forest",1898,251.832015991211,"ppt"
"Oak Glen Preserve","Forest",1899,446.323028564453,"ppt"
"Oak Glen Preserve","Forest",1900,401.764007568359,"ppt"
"Oak Glen Preserve","Forest",1901,510.095031738281,"ppt"
"Oak Glen Preserve","Forest",1902,484.730010986328,"ppt"
"Oak Glen Preserve","Forest",1903,405.598022460938,"ppt"
"Oak Glen Preserve","Forest",1904,423.70703125,"ppt"
"Oak Glen Preserve","Forest",1905,799.663024902344,"ppt"
"Oak Glen Preserve","Forest",1906,1020.98004150391,"ppt"
"Oak Glen Preserve","Forest",1907,754.931030273438,"ppt"
"Oak Glen Preserve","Forest",1908,595.231018066406,"ppt"
"Oak Glen Preserve","Forest",1909,1002.52606201172,"ppt"
"Oak Glen Preserve","Forest",1910,289.016021728516,"ppt"
"Oak Glen Preserve","Forest",1911,726.364013671875,"ppt"
"Oak Glen Preserve","Forest",1912,518.371032714844,"ppt"
"Oak Glen Preserve","Forest",1913,565.884033203125,"ppt"
"Oak Glen Preserve","Forest",1914,908.743041992188,"ppt"
"Oak Glen Preserve","Forest",1915,806.663024902344,"ppt"
"Oak Glen Preserve","Forest",1916,1015.455078125,"ppt"
"Oak Glen Preserve","Forest",1917,425.141021728516,"ppt"
"Oak Glen Preserve","Forest",1918,719.284057617188,"ppt"
"Oak Glen Preserve","Forest",1919,439.176025390625,"ppt"
"Oak Glen Preserve","Forest",1920,623.182006835938,"ppt"
"Oak Glen Preserve","Forest",1921,1107.26611328125,"ppt"
"Oak Glen Preserve","Forest",1922,728.337036132812,"ppt"
"Oak Glen Preserve","Forest",1923,416.256011962891,"ppt"
"Oak Glen Preserve","Forest",1924,473.706024169922,"ppt"
"Oak Glen Preserve","Forest",1925,478.384033203125,"ppt"
"Oak Glen Preserve","Forest",1926,795.423034667969,"ppt"
"Oak Glen Preserve","Forest",1927,822.839050292969,"ppt"
"Oak Glen Preserve","Forest",1928,403.563018798828,"ppt"
"Oak Glen Preserve","Forest",1929,375.410003662109,"ppt"
"Oak Glen Preserve","Forest",1930,702.3330078125,"ppt"
"Oak Glen Preserve","Forest",1931,812.274047851562,"ppt"
"Oak Glen Preserve","Forest",1932,579.649047851562,"ppt"
"Oak Glen Preserve","Forest",1933,505.819030761719,"ppt"
"Oak Glen Preserve","Forest",1934,493.869018554688,"ppt"
"Oak Glen Preserve","Forest",1935,530.549011230469,"ppt"
"Oak Glen Preserve","Forest",1936,878.092041015625,"ppt"
"Oak Glen Preserve","Forest",1937,753.690063476562,"ppt"
"Oak Glen Preserve","Forest",1938,1033.53601074219,"ppt"
"Oak Glen Preserve","Forest",1939,517.27099609375,"ppt"
"Oak Glen Preserve","Forest",1940,730.856018066406,"ppt"
"Oak Glen Preserve","Forest",1941,954.188049316406,"ppt"
"Oak Glen Preserve","Forest",1942,311.667022705078,"ppt"
"Oak Glen Preserve","Forest",1943,959.078063964844,"ppt"
"Oak Glen Preserve","Forest",1944,692.368041992188,"ppt"
"Oak Glen Preserve","Forest",1945,722.261047363281,"ppt"
"Oak Glen Preserve","Forest",1946,686.422058105469,"ppt"
"Oak Glen Preserve","Forest",1947,244.093017578125,"ppt"
"Oak Glen Preserve","Forest",1948,346.410003662109,"ppt"
"Oak Glen Preserve","Forest",1949,497.805023193359,"ppt"
"Oak Glen Preserve","Forest",1950,346.497009277344,"ppt"
"Oak Glen Preserve","Forest",1951,554.591003417969,"ppt"
"Oak Glen Preserve","Forest",1952,646.400024414062,"ppt"
"Oak Glen Preserve","Forest",1953,179.564010620117,"ppt"
"Oak Glen Preserve","Forest",1954,586.169006347656,"ppt"
"Oak Glen Preserve","Forest",1955,450.945007324219,"ppt"
"Oak Glen Preserve","Forest",1956,363.789031982422,"ppt"
"Oak Glen Preserve","Forest",1957,634.506042480469,"ppt"
"Oak Glen Preserve","Forest",1958,812.314025878906,"ppt"
"Oak Glen Preserve","Forest",1959,362.939025878906,"ppt"
"Oak Glen Preserve","Forest",1960,436.362030029297,"ppt"
"Oak Glen Preserve","Forest",1961,282.969024658203,"ppt"
"Oak Glen Preserve","Forest",1962,480.788024902344,"ppt"
"Oak Glen Preserve","Forest",1963,525.872009277344,"ppt"
"Oak Glen Preserve","Forest",1964,447.878021240234,"ppt"
"Oak Glen Preserve","Forest",1965,964.681030273438,"ppt"
"Oak Glen Preserve","Forest",1966,676.613037109375,"ppt"
"Oak Glen Preserve","Forest",1967,655.377014160156,"ppt"
"Oak Glen Preserve","Forest",1968,319.085021972656,"ppt"
"Oak Glen Preserve","Forest",1969,1217.65307617188,"ppt"
"Oak Glen Preserve","Forest",1970,538.598999023438,"ppt"
"Oak Glen Preserve","Forest",1971,460.490020751953,"ppt"
"Oak Glen Preserve","Forest",1972,264.825012207031,"ppt"
"Oak Glen Preserve","Forest",1973,613.431030273438,"ppt"
"Oak Glen Preserve","Forest",1974,503.042022705078,"ppt"
"Oak Glen Preserve","Forest",1975,453.200012207031,"ppt"
"Oak Glen Preserve","Forest",1976,587.647033691406,"ppt"
"Oak Glen Preserve","Forest",1977,616.450012207031,"ppt"
"Oak Glen Preserve","Forest",1978,1295.13708496094,"ppt"
"Oak Glen Preserve","Forest",1979,607.016052246094,"ppt"
"Oak Glen Preserve","Forest",1980,1090.65405273438,"ppt"
"Oak Glen Preserve","Forest",1981,372.867004394531,"ppt"
"Oak Glen Preserve","Forest",1982,1029.76904296875,"ppt"
"Oak Glen Preserve","Forest",1983,1129.31909179688,"ppt"
"Oak Glen Preserve","Forest",1984,397.492004394531,"ppt"
"Oak Glen Preserve","Forest",1985,467.462036132812,"ppt"
"Oak Glen Preserve","Forest",1986,529.416015625,"ppt"
"Oak Glen Preserve","Forest",1987,528.545043945312,"ppt"
"Oak Glen Preserve","Forest",1988,396.671020507812,"ppt"
"Oak Glen Preserve","Forest",1989,291.661010742188,"ppt"
"Oak Glen Preserve","Forest",1990,406.739013671875,"ppt"
"Oak Glen Preserve","Forest",1991,694.007019042969,"ppt"
"Oak Glen Preserve","Forest",1992,788.767028808594,"ppt"
"Oak Glen Preserve","Forest",1993,1284.28002929688,"ppt"
"Oak Glen Preserve","Forest",1994,468.683013916016,"ppt"
"Oak Glen Preserve","Forest",1995,1168.29211425781,"ppt"
"Oak Glen Preserve","Forest",1996,697.413024902344,"ppt"
"Oak Glen Preserve","Forest",1997,548.820007324219,"ppt"
"Oak Glen Preserve","Forest",1998,906.930053710938,"ppt"
"Oak Glen Preserve","Forest",1999,263.761016845703,"ppt"
"Oak Glen Preserve","Forest",2000,411.89501953125,"ppt"
"Oak Glen Preserve","Forest",2001,318.702026367188,"ppt"
"Oak Glen Preserve","Forest",2002,277.644012451172,"ppt"
"Oak Glen Preserve","Forest",2003,480.506011962891,"ppt"
"Oak Glen Preserve","Forest",2004,566.682006835938,"ppt"
"Oak Glen Preserve","Forest",2005,809.647033691406,"ppt"
"Oak Glen Preserve","Forest",2006,502.924011230469,"ppt"
"Oak Glen Preserve","Forest",2007,290.516021728516,"ppt"
"Oak Glen Preserve","Forest",2008,633.265014648438,"ppt"
"Oak Glen Preserve","Forest",2009,366.010009765625,"ppt"
"Oak Glen Preserve","Forest",2010,1105.60302734375,"ppt"
"Oak Glen Preserve","Forest",2011,429.056030273438,"ppt"
"Oak Glen Preserve","Forest",2012,334.623291015625,"ppt"
"Oak Glen Preserve","Forest",2013,233.310012817383,"ppt"
"Oak Glen Preserve","Forest",2014,395.492004394531,"ppt"
"Oak Glen Preserve","Forest",2015,326.564025878906,"ppt"
"Oak Glen Preserve","Forest",2016,483.97802734375,"ppt"
"Oak Glen Preserve","Forest",2017,383.316009521484,"ppt"
"Oak Glen Preserve","Forest",2018,395.932006835938,"ppt"
"Oak Glen Preserve","Forest",2019,879.821044921875,"ppt"
"Oak Glen Preserve","Forest",2020,388.147003173828,"ppt"
"Oak Glen Preserve","Forest",2021,404.440093994141,"ppt"
"Oak Glen Preserve","Forest",2022,267.161407470703,"ppt"
"Oak Glen Preserve","Forest",2023,767.114990234375,"ppt"
"Oak Glen Preserve","Forest",2024,507.703674316406,"ppt"
"Oak Glen Preserve","Forest",2025,476.994995117188,"ppt"
"Boruchin Preserve","Dune",1895,305.392028808594,"ppt"
"Boruchin Preserve","Dune",1896,239.231018066406,"ppt"
"Boruchin Preserve","Dune",1897,336.976013183594,"ppt"
"Boruchin Preserve","Dune",1898,150.717010498047,"ppt"
"Boruchin Preserve","Dune",1899,205.466003417969,"ppt"
"Boruchin Preserve","Dune",1900,270.898010253906,"ppt"
"Boruchin Preserve","Dune",1901,256.721008300781,"ppt"
"Boruchin Preserve","Dune",1902,280.658020019531,"ppt"
"Boruchin Preserve","Dune",1903,277.407012939453,"ppt"
"Boruchin Preserve","Dune",1904,226.69401550293,"ppt"
"Boruchin Preserve","Dune",1905,488.446014404297,"ppt"
"Boruchin Preserve","Dune",1906,469.107025146484,"ppt"
"Boruchin Preserve","Dune",1907,360.010009765625,"ppt"
"Boruchin Preserve","Dune",1908,283.647003173828,"ppt"
"Boruchin Preserve","Dune",1909,430.401031494141,"ppt"
"Boruchin Preserve","Dune",1910,157.381011962891,"ppt"
"Boruchin Preserve","Dune",1911,333.188018798828,"ppt"
"Boruchin Preserve","Dune",1912,242.276016235352,"ppt"
"Boruchin Preserve","Dune",1913,269.247009277344,"ppt"
"Boruchin Preserve","Dune",1914,461.43603515625,"ppt"
"Boruchin Preserve","Dune",1915,453.277008056641,"ppt"
"Boruchin Preserve","Dune",1916,511.885009765625,"ppt"
"Boruchin Preserve","Dune",1917,174.935012817383,"ppt"
"Boruchin Preserve","Dune",1918,379.555023193359,"ppt"
"Boruchin Preserve","Dune",1919,256.563018798828,"ppt"
"Boruchin Preserve","Dune",1920,332.453002929688,"ppt"
"Boruchin Preserve","Dune",1921,549.742004394531,"ppt"
"Boruchin Preserve","Dune",1922,413.375030517578,"ppt"
"Boruchin Preserve","Dune",1923,254.022018432617,"ppt"
"Boruchin Preserve","Dune",1924,276.032012939453,"ppt"
"Boruchin Preserve","Dune",1925,262.680999755859,"ppt"
"Boruchin Preserve","Dune",1926,436.981018066406,"ppt"
"Boruchin Preserve","Dune",1927,502.763031005859,"ppt"
"Boruchin Preserve","Dune",1928,238.407012939453,"ppt"
"Boruchin Preserve","Dune",1929,169.239013671875,"ppt"
"Boruchin Preserve","Dune",1930,378.579010009766,"ppt"
"Boruchin Preserve","Dune",1931,455.617034912109,"ppt"
"Boruchin Preserve","Dune",1932,330.232025146484,"ppt"
"Boruchin Preserve","Dune",1933,271.406005859375,"ppt"
"Boruchin Preserve","Dune",1934,337.495025634766,"ppt"
"Boruchin Preserve","Dune",1935,305.8330078125,"ppt"
"Boruchin Preserve","Dune",1936,481.593017578125,"ppt"
"Boruchin Preserve","Dune",1937,464.943023681641,"ppt"
"Boruchin Preserve","Dune",1938,539.641052246094,"ppt"
"Boruchin Preserve","Dune",1939,333.480010986328,"ppt"
"Boruchin Preserve","Dune",1940,477.003021240234,"ppt"
"Boruchin Preserve","Dune",1941,643.386047363281,"ppt"
"Boruchin Preserve","Dune",1942,189.798004150391,"ppt"
"Boruchin Preserve","Dune",1943,575.659057617188,"ppt"
"Boruchin Preserve","Dune",1944,361.817016601562,"ppt"
"Boruchin Preserve","Dune",1945,352.015014648438,"ppt"
"Boruchin Preserve","Dune",1946,291.39501953125,"ppt"
"Boruchin Preserve","Dune",1947,112.282005310059,"ppt"
"Boruchin Preserve","Dune",1948,207.860015869141,"ppt"
"Boruchin Preserve","Dune",1949,227.960006713867,"ppt"
"Boruchin Preserve","Dune",1950,188.43000793457,"ppt"
"Boruchin Preserve","Dune",1951,308.505004882812,"ppt"
"Boruchin Preserve","Dune",1952,481.64501953125,"ppt"
"Boruchin Preserve","Dune",1953,139.75,"ppt"
"Boruchin Preserve","Dune",1954,343.909027099609,"ppt"
"Boruchin Preserve","Dune",1955,220.149017333984,"ppt"
"Boruchin Preserve","Dune",1956,221.19401550293,"ppt"
"Boruchin Preserve","Dune",1957,343.10302734375,"ppt"
"Boruchin Preserve","Dune",1958,380.064025878906,"ppt"
"Boruchin Preserve","Dune",1959,158.413009643555,"ppt"
"Boruchin Preserve","Dune",1960,208.688003540039,"ppt"
"Boruchin Preserve","Dune",1961,107.56600189209,"ppt"
"Boruchin Preserve","Dune",1962,228.818008422852,"ppt"
"Boruchin Preserve","Dune",1963,330.154022216797,"ppt"
"Boruchin Preserve","Dune",1964,189.460006713867,"ppt"
"Boruchin Preserve","Dune",1965,406.716033935547,"ppt"
"Boruchin Preserve","Dune",1966,283.404022216797,"ppt"
"Boruchin Preserve","Dune",1967,293.531005859375,"ppt"
"Boruchin Preserve","Dune",1968,159.25,"ppt"
"Boruchin Preserve","Dune",1969,603.268005371094,"ppt"
"Boruchin Preserve","Dune",1970,282.180023193359,"ppt"
"Boruchin Preserve","Dune",1971,178.859008789062,"ppt"
"Boruchin Preserve","Dune",1972,122.963005065918,"ppt"
"Boruchin Preserve","Dune",1973,280.399017333984,"ppt"
"Boruchin Preserve","Dune",1974,276.752014160156,"ppt"
"Boruchin Preserve","Dune",1975,181.024002075195,"ppt"
"Boruchin Preserve","Dune",1976,257.528015136719,"ppt"
"Boruchin Preserve","Dune",1977,303.677001953125,"ppt"
"Boruchin Preserve","Dune",1978,668.97900390625,"ppt"
"Boruchin Preserve","Dune",1979,337.521026611328,"ppt"
"Boruchin Preserve","Dune",1980,547.176025390625,"ppt"
"Boruchin Preserve","Dune",1981,197.251007080078,"ppt"
"Boruchin Preserve","Dune",1982,413.43701171875,"ppt"
"Boruchin Preserve","Dune",1983,617.073059082031,"ppt"
"Boruchin Preserve","Dune",1984,162.71501159668,"ppt"
"Boruchin Preserve","Dune",1985,155.657012939453,"ppt"
"Boruchin Preserve","Dune",1986,272.671020507812,"ppt"
"Boruchin Preserve","Dune",1987,250.306015014648,"ppt"
"Boruchin Preserve","Dune",1988,205.277008056641,"ppt"
"Boruchin Preserve","Dune",1989,116.370002746582,"ppt"
"Boruchin Preserve","Dune",1990,158.532012939453,"ppt"
"Boruchin Preserve","Dune",1991,347.769012451172,"ppt"
"Boruchin Preserve","Dune",1992,423.922027587891,"ppt"
"Boruchin Preserve","Dune",1993,579.26904296875,"ppt"
"Boruchin Preserve","Dune",1994,224.226013183594,"ppt"
"Boruchin Preserve","Dune",1995,507.685028076172,"ppt"
"Boruchin Preserve","Dune",1996,325.930023193359,"ppt"
"Boruchin Preserve","Dune",1997,258.466003417969,"ppt"
"Boruchin Preserve","Dune",1998,512.642028808594,"ppt"
"Boruchin Preserve","Dune",1999,114.624008178711,"ppt"
"Boruchin Preserve","Dune",2000,197.154006958008,"ppt"
"Boruchin Preserve","Dune",2001,272.758026123047,"ppt"
"Boruchin Preserve","Dune",2002,123.474006652832,"ppt"
"Boruchin Preserve","Dune",2003,281.789001464844,"ppt"
"Boruchin Preserve","Dune",2004,340.402008056641,"ppt"
"Boruchin Preserve","Dune",2005,463.347015380859,"ppt"
"Boruchin Preserve","Dune",2006,198.139007568359,"ppt"
"Boruchin Preserve","Dune",2007,132.751007080078,"ppt"
"Boruchin Preserve","Dune",2008,251.904006958008,"ppt"
"Boruchin Preserve","Dune",2009,161.541000366211,"ppt"
"Boruchin Preserve","Dune",2010,584.14501953125,"ppt"
"Boruchin Preserve","Dune",2011,204.192016601562,"ppt"
"Boruchin Preserve","Dune",2012,181.996200561523,"ppt"
"Boruchin Preserve","Dune",2013,149.379013061523,"ppt"
"Boruchin Preserve","Dune",2014,212.813003540039,"ppt"
"Boruchin Preserve","Dune",2015,187.879013061523,"ppt"
"Boruchin Preserve","Dune",2016,248.76301574707,"ppt"
"Boruchin Preserve","Dune",2017,253.144012451172,"ppt"
"Boruchin Preserve","Dune",2018,204.478012084961,"ppt"
"Boruchin Preserve","Dune",2019,466.912017822266,"ppt"
"Boruchin Preserve","Dune",2020,243.465896606445,"ppt"
"Boruchin Preserve","Dune",2021,250.343994140625,"ppt"
"Boruchin Preserve","Dune",2022,112.610397338867,"ppt"
"Boruchin Preserve","Dune",2023,493.050994873047,"ppt"
"Boruchin Preserve","Dune",2024,368.253387451172,"ppt"
"Boruchin Preserve","Dune",2025,304.231994628906,"ppt"
"University of Redlands","Urban",1895,330.273010253906,"ppt"
"University of Redlands","Urban",1896,260.386016845703,"ppt"
"University of Redlands","Urban",1897,346.328002929688,"ppt"
"University of Redlands","Urban",1898,151.689010620117,"ppt"
"University of Redlands","Urban",1899,213.771011352539,"ppt"
"University of Redlands","Urban",1900,260.631011962891,"ppt"
"University of Redlands","Urban",1901,257.278015136719,"ppt"
"University of Redlands","Urban",1902,292.232025146484,"ppt"
"University of Redlands","Urban",1903,315.197021484375,"ppt"
"University of Redlands","Urban",1904,239.144012451172,"ppt"
"University of Redlands","Urban",1905,537.611999511719,"ppt"
"University of Redlands","Urban",1906,514.194030761719,"ppt"
"University of Redlands","Urban",1907,404.960021972656,"ppt"
"University of Redlands","Urban",1908,320.719024658203,"ppt"
"University of Redlands","Urban",1909,451.376007080078,"ppt"
"University of Redlands","Urban",1910,166.847015380859,"ppt"
"University of Redlands","Urban",1911,364.890014648438,"ppt"
"University of Redlands","Urban",1912,285.775024414062,"ppt"
"University of Redlands","Urban",1913,295.933013916016,"ppt"
"University of Redlands","Urban",1914,494.826019287109,"ppt"
"University of Redlands","Urban",1915,503.705017089844,"ppt"
"University of Redlands","Urban",1916,509.454010009766,"ppt"
"University of Redlands","Urban",1917,195.041015625,"ppt"
"University of Redlands","Urban",1918,407.985015869141,"ppt"
"University of Redlands","Urban",1919,304.637023925781,"ppt"
"University of Redlands","Urban",1920,380.014007568359,"ppt"
"University of Redlands","Urban",1921,581.763000488281,"ppt"
"University of Redlands","Urban",1922,437.830017089844,"ppt"
"University of Redlands","Urban",1923,282.166015625,"ppt"
"University of Redlands","Urban",1924,284.309020996094,"ppt"
"University of Redlands","Urban",1925,288.397003173828,"ppt"
"University of Redlands","Urban",1926,449.001007080078,"ppt"
"University of Redlands","Urban",1927,526.796020507812,"ppt"
"University of Redlands","Urban",1928,244.964004516602,"ppt"
"University of Redlands","Urban",1929,183.722015380859,"ppt"
"University of Redlands","Urban",1930,442.200012207031,"ppt"
"University of Redlands","Urban",1931,493.057037353516,"ppt"
"University of Redlands","Urban",1932,361.800018310547,"ppt"
"University of Redlands","Urban",1933,277.555999755859,"ppt"
"University of Redlands","Urban",1934,289.515014648438,"ppt"
"University of Redlands","Urban",1935,312.110015869141,"ppt"
"University of Redlands","Urban",1936,531.179016113281,"ppt"
"University of Redlands","Urban",1937,458.164031982422,"ppt"
"University of Redlands","Urban",1938,539.079040527344,"ppt"
"University of Redlands","Urban",1939,374.424011230469,"ppt"
"University of Redlands","Urban",1940,482.774017333984,"ppt"
"University of Redlands","Urban",1941,632.180053710938,"ppt"
"University of Redlands","Urban",1942,205.714004516602,"ppt"
"University of Redlands","Urban",1943,583.908020019531,"ppt"
"University of Redlands","Urban",1944,395.680023193359,"ppt"
"University of Redlands","Urban",1945,357.946014404297,"ppt"
"University of Redlands","Urban",1946,305.100006103516,"ppt"
"University of Redlands","Urban",1947,128.628005981445,"ppt"
"University of Redlands","Urban",1948,219.898010253906,"ppt"
"University of Redlands","Urban",1949,256.546997070312,"ppt"
"University of Redlands","Urban",1950,198.014007568359,"ppt"
"University of Redlands","Urban",1951,338.130004882812,"ppt"
"University of Redlands","Urban",1952,494.676025390625,"ppt"
"University of Redlands","Urban",1953,149.094009399414,"ppt"
"University of Redlands","Urban",1954,373.147003173828,"ppt"
"University of Redlands","Urban",1955,239.433013916016,"ppt"
"University of Redlands","Urban",1956,210.822006225586,"ppt"
"University of Redlands","Urban",1957,375.340026855469,"ppt"
"University of Redlands","Urban",1958,399.345031738281,"ppt"
"University of Redlands","Urban",1959,191.131011962891,"ppt"
"University of Redlands","Urban",1960,235.838012695312,"ppt"
"University of Redlands","Urban",1961,128.710998535156,"ppt"
"University of Redlands","Urban",1962,242.38801574707,"ppt"
"University of Redlands","Urban",1963,357.922027587891,"ppt"
"University of Redlands","Urban",1964,219.101013183594,"ppt"
"University of Redlands","Urban",1965,467.956024169922,"ppt"
"University of Redlands","Urban",1966,312.828002929688,"ppt"
"University of Redlands","Urban",1967,317.313018798828,"ppt"
"University of Redlands","Urban",1968,168.484008789062,"ppt"
"University of Redlands","Urban",1969,620.841003417969,"ppt"
"University of Redlands","Urban",1970,309.788024902344,"ppt"
"University of Redlands","Urban",1971,208.040008544922,"ppt"
"University of Redlands","Urban",1972,134.276000976562,"ppt"
"University of Redlands","Urban",1973,301.441009521484,"ppt"
"University of Redlands","Urban",1974,286.731018066406,"ppt"
"University of Redlands","Urban",1975,201.033004760742,"ppt"
"University of Redlands","Urban",1976,293.832000732422,"ppt"
"University of Redlands","Urban",1977,316.182006835938,"ppt"
"University of Redlands","Urban",1978,671.129028320312,"ppt"
"University of Redlands","Urban",1979,347.106018066406,"ppt"
"University of Redlands","Urban",1980,560.361022949219,"ppt"
"University of Redlands","Urban",1981,200.13801574707,"ppt"
"University of Redlands","Urban",1982,456.451019287109,"ppt"
"University of Redlands","Urban",1983,634.319030761719,"ppt"
"University of Redlands","Urban",1984,180.915008544922,"ppt"
"University of Redlands","Urban",1985,170.118011474609,"ppt"
"University of Redlands","Urban",1986,282.667022705078,"ppt"
"University of Redlands","Urban",1987,265.152008056641,"ppt"
"University of Redlands","Urban",1988,225.363006591797,"ppt"
"University of Redlands","Urban",1989,145.635009765625,"ppt"
"University of Redlands","Urban",1990,181.165008544922,"ppt"
"University of Redlands","Urban",1991,383.047027587891,"ppt"
"University of Redlands","Urban",1992,456.585021972656,"ppt"
"University of Redlands","Urban",1993,616.739013671875,"ppt"
"University of Redlands","Urban",1994,252.035018920898,"ppt"
"University of Redlands","Urban",1995,517.06201171875,"ppt"
"University of Redlands","Urban",1996,345.427001953125,"ppt"
"University of Redlands","Urban",1997,295.9580078125,"ppt"
"University of Redlands","Urban",1998,554.370056152344,"ppt"
"University of Redlands","Urban",1999,108.05500793457,"ppt"
"University of Redlands","Urban",2000,216.897003173828,"ppt"
"University of Redlands","Urban",2001,273.106018066406,"ppt"
"University of Redlands","Urban",2002,151.954010009766,"ppt"
"University of Redlands","Urban",2003,330.054016113281,"ppt"
"University of Redlands","Urban",2004,384.508026123047,"ppt"
"University of Redlands","Urban",2005,442.825012207031,"ppt"
"University of Redlands","Urban",2006,229.414016723633,"ppt"
"University of Redlands","Urban",2007,168.232009887695,"ppt"
"University of Redlands","Urban",2008,279.896026611328,"ppt"
"University of Redlands","Urban",2009,164.071014404297,"ppt"
"University of Redlands","Urban",2010,617.946044921875,"ppt"
"University of Redlands","Urban",2011,234.617004394531,"ppt"
"University of Redlands","Urban",2012,228.231094360352,"ppt"
"University of Redlands","Urban",2013,171.243011474609,"ppt"
"University of Redlands","Urban",2014,253.385009765625,"ppt"
"University of Redlands","Urban",2015,198.547012329102,"ppt"
"University of Redlands","Urban",2016,303.258026123047,"ppt"
"University of Redlands","Urban",2017,249.824005126953,"ppt"
"University of Redlands","Urban",2018,244.144012451172,"ppt"
"University of Redlands","Urban",2019,522.348022460938,"ppt"
"University of Redlands","Urban",2020,304.802978515625,"ppt"
"University of Redlands","Urban",2021,269.328186035156,"ppt"
"University of Redlands","Urban",2022,144.939392089844,"ppt"
"University of Redlands","Urban",2023,515.955017089844,"ppt"
"University of Redlands","Urban",2024,400.393005371094,"ppt"
"University of Redlands","Urban",2025,308.839996337891,"ppt"
